"□ 본 서비스에서 제공하는 정보는 법적인 효력이 없으므로 참고용으로만 활용하시기 바라며, 외부 공개시에는 반드시 신고일 기준으로 집계되면 공식통계를 이용하여 주시기 바랍니다."
"□ 신고정보가 실시간 변경, 해제되어 제공시점에 따라 공개건수 및 내용이 상이할 수 있는 점 참고하시기 바랍니다."
"□ 본 자료는 계약일 기준입니다. (※ 7월 계약, 8월 신고건 → 7월 거래건으로  제공)"
"□ 통계자료 활용시에는 수치가 왜곡될 수 있으니 참고자료로만 활용하시기  바라며,  외부 공개시에는 반드시 신고일 기준으로 집계되는 공식통계를 이용하여 주시기 바랍니다."
"* 주택매매 거래는 부동산 거래신고 등에 관한 법률 제3조에 따라 계약일로부터 60일 이내 신고토록 하고 있습니다."
"* 국토교통부 실거래가 공개시스템의 궁금하신 점이나 문의사항은 콜센터 1588-0149로 연락 주시기 바랍니다."
"□ 검색조건"
"계약일자 : 20150101 ~ 20151231"
"실거래구분 : 단독다가구(매매)"
"주소구분 : 지번주소"
"시도 : 강원도"
"시군구 : 원주시"
"읍면동 : 전체"
"면적 : 전체"
"금액선택 : 전체"
"시군구","번지","주택유형","도로조건","연면적(㎡)","대지면적(㎡)","계약년월","계약일","거래금액(만원)","건축년도","도로명"
"강원도 원주시 가현동","1**","단독","8m미만","16.99","36","201510","11~20","1,500","1983","null"
"강원도 원주시 가현동","1**","단독","8m미만","16.99","36","201505","11~20","1,200","1983","null"
"강원도 원주시 가현동","1**","단독","8m미만","42","79","201509","1~10","2,000","1983","청룡마을길"
"강원도 원주시 가현동","1**","단독","12m미만","42.98","145","201505","11~20","5,300","1983","가현로"
"강원도 원주시 가현동","1**","단독","12m미만","42.98","145","201510","11~20","6,000","1962","가현로"
"강원도 원주시 가현동","6*","단독","8m미만","64.61","165","201504","21~30","5,000","1982","가현로"
"강원도 원주시 가현동","2**","단독","8m미만","49.17","188","201504","1~10","2,740","1972","가현로"
"강원도 원주시 가현동","2**","단독","8m미만","67.41","298","201510","11~20","9,000","1985","가치래미길"
"강원도 원주시 개운동","3**","다가구","12m미만","272.89","117.9","201509","1~10","23,500","1993","개운로"
"강원도 원주시 개운동","4**","다가구","8m미만","156.46","170","201512","1~10","16,500","1985","송림길"
"강원도 원주시 개운동","2**","다가구","8m미만","226.28","219","201506","1~10","21,800","1988","개운4길"
"강원도 원주시 개운동","4**","다가구","25m이상","108.42","234","201503","1~10","19,000","1977","치악로"
"강원도 원주시 개운동","4**","다가구","8m미만","146.76","239","201508","21~31","21,500","1989","개운5길"
"강원도 원주시 개운동","5**","다가구","8m미만","171.81","260","201509","21~30","15,000","1989","개운4길"
"강원도 원주시 개운동","4**","다가구","8m미만","180.39","322","201510","1~10","27,800","1990","개운5길"
"강원도 원주시 개운동","3**","다가구","8m미만","589.91","334.4","201512","21~31","74,502","2015","명륜초교길"
"강원도 원주시 개운동","4**","다가구","8m미만","529.92","342.1","201506","1~10","71,075","2015","개운3길"
"강원도 원주시 개운동","4**","다가구","8m미만","320.97","352.5","201509","1~10","27,000","1994","개운3길"
"강원도 원주시 개운동","2**","다가구","8m미만","630.71","402","201512","21~31","87,056","2015","개운3길"
"강원도 원주시 개운동","2**","단독","8m미만","44.86","99","201503","21~31","6,400","1983","치악로1735번길"
"강원도 원주시 개운동","3**","단독","8m미만","61.28","117","201511","11~20","7,600","1988","구만이길"
"강원도 원주시 개운동","2**","단독","8m미만","78.98","133","201505","11~20","10,350","null","남원로620번길"
"강원도 원주시 개운동","5**","단독","8m미만","46.85","136","201501","1~10","10,500","1974","개운3길"
"강원도 원주시 개운동","4**","단독","8m미만","72.93","136.2","201504","21~30","9,500","1983","개운1길"
"강원도 원주시 개운동","2**","단독","8m미만","40.5","137","201507","1~10","4,230","1983","남원로"
"강원도 원주시 개운동","4**","단독","8m미만","83.7","144.5","201502","11~20","10,000","1986","개운3길"
"강원도 원주시 개운동","4**","단독","12m미만","93.42","155.2","201510","11~20","14,700","1986","개운2길"
"강원도 원주시 개운동","2**","단독","8m미만","43.62","156","201505","11~20","9,300","1978","개운3길"
"강원도 원주시 개운동","3**","단독","8m미만","95.43","160.9","201509","11~20","12,000","1983","명륜초교길"
"강원도 원주시 개운동","4**","단독","8m미만","72.06","166.3","201503","1~10","10,000","1981","개운3길"
"강원도 원주시 개운동","4**","단독","12m미만","143.37","169.8","201506","21~30","18,300","1984","개운2길"
"강원도 원주시 개운동","4**","단독","12m미만","75.73","173.2","201501","21~31","12,500","1981","개운2길"
"강원도 원주시 개운동","3**","단독","8m미만","118.91","177.4","201510","11~20","21,000","1982","명륜초교길"
"강원도 원주시 개운동","2**","단독","8m미만","92.4","179","201504","11~20","11,580","1982","남원로620번길"
"강원도 원주시 개운동","2**","단독","8m미만","44.97","192","201504","21~30","13,920","1981","개운3길"
"강원도 원주시 개운동","3**","단독","8m미만","79.22","199","201511","11~20","18,000","1982","남원로606번길"
"강원도 원주시 개운동","4**","단독","8m미만","97.2","216","201506","11~20","22,000","2005","개운5길"
"강원도 원주시 개운동","5*","단독","8m미만","80.87","220","201510","21~31","21,900","1980","개운4길"
"강원도 원주시 개운동","5**","단독","8m미만","99.35","240","201508","21~31","20,700","2010","개운4길"
"강원도 원주시 개운동","5**","단독","8m미만","163.62","251","201504","21~30","20,500","1988","개운4길"
"강원도 원주시 개운동","5*","단독","8m미만","90.48","256","201508","1~10","18,500","1979","개운4길"
"강원도 원주시 개운동","3**","단독","8m미만","157.29","266","201509","11~20","15,000","1984","치악로1735번길"
"강원도 원주시 개운동","3**","단독","25m미만","65.16","274.2","201506","21~30","15,500","1976","도말리길"
"강원도 원주시 개운동","2**","단독","8m미만","118.05","297","201502","11~20","15,000","1983","구만이길"
"강원도 원주시 개운동","3**","단독","8m미만","77.09","304","201511","1~10","17,350","null","남원로606번길"
"강원도 원주시 개운동","3**","단독","12m미만","333.49","306.8","201510","21~31","62,000","2010","강변로"
"강원도 원주시 개운동","4**","단독","12m미만","162.42","341.4","201509","11~20","47,000","1990","서원대로"
"강원도 원주시 개운동","3**","단독","8m미만","77.09","344","201507","11~20","19,500","1984","남원로606번길"
"강원도 원주시 개운동","3**","단독","8m미만","77.09","344","201505","11~20","19,000","1984","남원로606번길"
"강원도 원주시 개운동","5**","단독","8m미만","322","349","201507","1~10","30,500","2002","치악로"
"강원도 원주시 관설동","1***","다가구","12m미만","410.77","190","201501","11~20","56,000","2010","라옹정길"
"강원도 원주시 관설동","1***","다가구","25m미만","341.35","193","201507","1~10","56,500","2001","나비허리길"
"강원도 원주시 관설동","1***","다가구","12m미만","352.56","200.5","201504","21~30","50,000","2008","라옹정길"
"강원도 원주시 관설동","1***","다가구","12m미만","455.52","203.6","201503","21~31","59,000","2010","단관초교길"
"강원도 원주시 관설동","1***","다가구","12m미만","339.64","203.7","201505","11~20","48,500","2006","관설안길"
"강원도 원주시 관설동","1***","다가구","12m미만","455.52","203.7","201505","1~10","59,500","2010","단관초교길"
"강원도 원주시 관설동","1***","다가구","25m미만","354.48","205.4","201504","11~20","53,400","2006","단관길"
"강원도 원주시 관설동","1***","다가구","12m미만","402.65","205.4","201512","11~20","45,000","null","라옹정길"
"강원도 원주시 관설동","1***","다가구","25m미만","455.19","205.7","201507","1~10","64,000","2005","단관길"
"강원도 원주시 관설동","1***","다가구","12m미만","340.89","206.7","201511","11~20","41,500","1962","라옹정길"
"강원도 원주시 관설동","1***","다가구","12m미만","434.59","206.8","201505","1~10","73,300","2011","라옹정길"
"강원도 원주시 관설동","1***","다가구","12m미만","478.1","206.9","201505","21~31","50,500","2004","라옹정길"
"강원도 원주시 관설동","1***","다가구","12m미만","367.2","207.3","201505","11~20","50,000","2002","단관초교길"
"강원도 원주시 관설동","1***","다가구","25m미만","442.79","208.7","201501","21~31","48,500","2004","단관길"
"강원도 원주시 관설동","1***","다가구","12m미만","365.2","209.5","201507","1~10","50,000","2007","라옹정길"
"강원도 원주시 관설동","1***","다가구","12m미만","389.05","209.5","201502","11~20","66,000","2010","라옹정길"
"강원도 원주시 관설동","1***","다가구","12m미만","378.03","210.2","201510","1~10","59,500","2005","관설안길"
"강원도 원주시 관설동","1***","다가구","12m미만","422.3","211.4","201503","11~20","67,000","2011","라옹정길"
"강원도 원주시 관설동","1***","다가구","12m미만","389.87","213.1","201510","1~10","72,500","2011","라옹정길"
"강원도 원주시 관설동","1***","다가구","12m미만","419.5","213.1","201509","11~20","72,500","2015","라옹정길"
"강원도 원주시 관설동","1***","다가구","12m미만","361.48","215.7","201506","1~10","63,100","2005","라옹정길"
"강원도 원주시 관설동","1***","다가구","12m미만","433.5","217.9","201509","1~10","72,500","2011","단관초교길"
"강원도 원주시 관설동","1***","다가구","12m미만","355.2","219.7","201511","21~30","49,500","1962","라옹정길"
"강원도 원주시 관설동","1***","다가구","12m미만","463.46","221.1","201512","1~10","59,500","2010","시청로"
"강원도 원주시 관설동","1***","다가구","12m미만","381.78","221.4","201502","1~10","60,000","2005","치악고교길"
"강원도 원주시 관설동","1***","다가구","12m미만","434.96","221.7","201508","21~31","74,000","2013","치악고교길"
"강원도 원주시 관설동","1***","다가구","12m미만","492.62","223.6","201502","21~28","60,000","2007","단관초교길"
"강원도 원주시 관설동","1***","다가구","12m미만","491.9","223.9","201508","21~31","68,000","2007","단관초교길"
"강원도 원주시 관설동","1***","다가구","12m미만","397.27","226.2","201507","21~31","55,000","2007","관설안길"
"강원도 원주시 관설동","1***","다가구","12m미만","494.88","227","201511","11~20","61,000","2003","치악고교길"
"강원도 원주시 관설동","1***","다가구","12m미만","426.6","227.1","201504","1~10","62,500","2012","치악고교길"
"강원도 원주시 관설동","1***","다가구","12m미만","368.08","228.7","201512","11~20","57,500","1962","라옹정길"
"강원도 원주시 관설동","1***","다가구","12m미만","493.83","229","201512","21~31","74,500","2005","나비허리길"
"강원도 원주시 관설동","1***","다가구","12m미만","368.38","230.9","201506","21~30","56,000","2002","단관초교길"
"강원도 원주시 관설동","1***","다가구","12m미만","438.33","231.8","201509","1~10","72,300","2009","치악고교길"
"강원도 원주시 관설동","1***","다가구","12m미만","494.92","238.1","201505","11~20","85,500","2006","치악고교길"
"강원도 원주시 관설동","1***","다가구","12m미만","479.52","240.4","201501","21~31","80,000","2012","관설안길"
"강원도 원주시 관설동","1***","다가구","12m미만","492.27","244.6","201508","21~31","81,800","2010","시청로"
"강원도 원주시 관설동","1***","다가구","12m미만","491.72","249.1","201501","21~31","77,500","2012","관설안길"
"강원도 원주시 관설동","1***","다가구","12m미만","545.29","252.1","201503","21~31","72,000","2010","치악고교길"
"강원도 원주시 관설동","1***","다가구","12m미만","493.5","256.5","201501","21~31","76,000","2012","단관초교길"
"강원도 원주시 관설동","1***","다가구","12m미만","570.16","262.1","201501","21~31","86,000","2008","관설안길"
"강원도 원주시 관설동","1***","다가구","12m미만","442.24","304.7","201505","21~31","47,500","2004","라옹정길"
"강원도 원주시 관설동","6**","다가구","8m미만","133.53","327","201503","1~10","19,500","1995","당둔지길"
"강원도 원주시 관설동","1***","다가구","12m미만","643.37","400.9","201503","11~20","89,000","2006","라옹정길"
"강원도 원주시 관설동","1***","단독","25m미만","468.72","196.1","201511","21~30","70,000","1962","나비허리길"
"강원도 원주시 관설동","1***","단독","12m미만","399.94","204","201509","11~20","50,000","2007","라옹정길"
"강원도 원주시 관설동","1***","단독","25m미만","354.15","205.7","201512","11~20","54,000","1962","단관길"
"강원도 원주시 관설동","1***","단독","12m미만","151.32","206.5","201505","21~31","28,000","2002","라옹정길"
"강원도 원주시 관설동","1***","단독","25m미만","117.81","211.9","201512","21~31","34,000","2002","단관초교길"
"강원도 원주시 관설동","1***","단독","12m미만","419.5","213.1","201505","11~20","70,000","2015","라옹정길"
"강원도 원주시 관설동","1***","단독","12m미만","416.94","221.3","201506","1~10","41,000","2003","라옹정길"
"강원도 원주시 관설동","1***","단독","12m미만","440.34","223.7","201512","11~20","75,250","1962","라옹정길"
"강원도 원주시 관설동","1***","단독","12m미만","487.66","226.8","201512","1~10","63,700","1962","치악고교길"
"강원도 원주시 관설동","1***","단독","25m미만","494.4","231.5","201507","11~20","62,000","2004","시청로"
"강원도 원주시 관설동","1***","단독","12m미만","462.28","232.2","201504","21~30","76,800","2013","관설안길"
"강원도 원주시 관설동","6**","단독","8m미만","98.5","288","201504","21~30","12,000","2005","학마을길"
"강원도 원주시 관설동","1***","단독","12m미만","173.97","314.9","201506","21~30","31,500","2005","관설안길"
"강원도 원주시 관설동","1***","단독","12m미만","173.97","314.9","201501","21~31","30,000","2005","관설안길"
"강원도 원주시 관설동","1***","단독","8m미만","85.5","341","201502","1~10","22,700","1980","치악로"
"강원도 원주시 관설동","1***","단독","12m미만","521.85","399.9","201506","1~10","91,500","2006","관설안길"
"강원도 원주시 관설동","1***","단독","12m미만","88.8","403","201506","21~30","23,000","1981","강변로"
"강원도 원주시 관설동","5**","단독","-","147.25","542","201505","11~20","26,700","2010","섭재삼보길"
"강원도 원주시 관설동","7**","단독","8m미만","83.58","559","201511","11~20","22,000","1993","학마을길"
"강원도 원주시 귀래면 귀래리","2**","단독","8m미만","56","401","201512","11~20","6,200","1965","귀래아랫말길"
"강원도 원주시 귀래면 귀래리","2**","단독","8m미만","56.11","401","201510","11~20","6,000","1965","귀래아랫말길"
"강원도 원주시 귀래면 귀래리","1***","단독","8m미만","64.75","476","201505","1~10","10,000","1999","고청길"
"강원도 원주시 귀래면 귀래리","6**","단독","12m미만","118.8","489","201506","21~30","9,800","2006","귀문로"
"강원도 원주시 귀래면 귀래리","1***","단독","8m미만","131.45","592","201507","1~10","4,450","2013","탑동길"
"강원도 원주시 귀래면 귀래리","3**","단독","8m미만","99.84","660","201501","11~20","6,000","2007","귀운길"
"강원도 원주시 귀래면 귀래리","3**","단독","8m미만","99.84","660","201512","1~10","22,339","1962","귀운길"
"강원도 원주시 귀래면 귀래리","1***","단독","8m미만","153.12","660","201510","1~10","10,000","2000","원대골길"
"강원도 원주시 귀래면 용암리","9**","단독","12m미만","135.96","497","201507","21~31","7,000","2003","용암동막길"
"강원도 원주시 귀래면 용암리","7**","단독","8m미만","172","1052","201503","1~10","10,500","2003","부귀로"
"강원도 원주시 귀래면 운계리","9**","단독","8m미만","65.5","330","201510","1~10","12,000","2010","분토골길"
"강원도 원주시 귀래면 운남리","5**","단독","8m미만","51.5","137","201508","21~31","3,000","1962","너더리길"
"강원도 원주시 귀래면 운남리","8**","단독","8m미만","76.65","225","201505","1~10","6,150","1997","법동길"
"강원도 원주시 귀래면 운남리","9**","단독","8m미만","97.11","329","201510","1~10","7,800","1987","북원로"
"강원도 원주시 귀래면 운남리","2**","단독","8m미만","156.88","843","201505","11~20","17,000","2007","녹재길"
"강원도 원주시 귀래면 주포리","1**","다가구","12m미만","276.57","980","201508","11~20","80,000","2007","미륵산길"
"강원도 원주시 귀래면 주포리","2**","단독","8m미만","144.66","443","201504","11~20","7,420","1992","미륵산길"
"강원도 원주시 귀래면 주포리","3**","단독","8m미만","66.15","839","201508","1~10","10,000","2008","미륵산길"
"강원도 원주시 귀래면 주포리","1**","단독","12m미만","276.57","980","201507","11~20","38,472","2007","미륵산길"
"강원도 원주시 귀래면 주포리","3**","단독","8m미만","75.51","1213","201511","21~30","14,200","2008","미륵산길"
"강원도 원주시 단계동","9**","다가구","12m미만","146.58","173.6","201504","11~20","20,000","1994","이화4길"
"강원도 원주시 단계동","1**","다가구","8m미만","199.88","183","201507","21~31","20,700","1997","원문로118번길"
"강원도 원주시 단계동","8**","다가구","12m미만","327.6","190.2","201505","11~20","29,000","1997","이화4길"
"강원도 원주시 단계동","7**","다가구","12m미만","154.25","190.7","201503","11~20","22,000","1989","단구로"
"강원도 원주시 단계동","1**","다가구","8m미만","199.02","192","201509","11~20","20,500","1992","원문로110번길"
"강원도 원주시 단계동","9**","다가구","12m미만","295.79","195.2","201504","1~10","23,000","1994","이화3길"
"강원도 원주시 단계동","9**","다가구","12m미만","335.16","195.4","201502","1~10","33,000","1995","이화4길"
"강원도 원주시 단계동","9**","다가구","12m미만","335.16","195.4","201505","1~10","45,000","1995","이화4길"
"강원도 원주시 단계동","9**","다가구","8m미만","213.65","196","201512","11~20","25,000","1994","이화3길"
"강원도 원주시 단계동","8**","다가구","8m미만","335.52","197","201512","11~20","45,000","2006","이화5길"
"강원도 원주시 단계동","8**","다가구","12m미만","347.34","197.2","201509","1~10","34,500","1996","이화4길"
"강원도 원주시 단계동","7**","다가구","8m미만","339.84","198","201511","21~30","44,311","2015","샘둔지길"
"강원도 원주시 단계동","8**","다가구","12m미만","440.08","200.4","201508","1~10","55,000","1995","이화6길"
"강원도 원주시 단계동","9**","다가구","25m미만","468","201.6","201507","1~10","70,500","2003","이화1길"
"강원도 원주시 단계동","8**","다가구","8m미만","305.26","201.9","201502","11~20","33,000","1995","금불1길"
"강원도 원주시 단계동","9**","다가구","12m미만","436.8","202.6","201511","11~20","43,000","1962","이화4길"
"강원도 원주시 단계동","1***","다가구","12m미만","330.04","203.3","201509","21~30","70,000","2010","백간공원길"
"강원도 원주시 단계동","8**","다가구","8m미만","327.75","203.4","201509","1~10","48,000","1994","이화5길"
"강원도 원주시 단계동","7**","다가구","12m미만","363.78","203.4","201511","21~30","45,072","2015","샘둔지길"
"강원도 원주시 단계동","1***","다가구","12m미만","369.32","203.4","201508","11~20","66,000","2007","백간공원길"
"강원도 원주시 단계동","8**","다가구","12m미만","540.46","203.4","201506","11~20","48,000","1996","이화6길"
"강원도 원주시 단계동","1***","다가구","12m미만","320.31","203.6","201509","1~10","36,700","2001","모래내길"
"강원도 원주시 단계동","9**","다가구","12m미만","324.87","203.9","201507","1~10","43,500","2003","이화4길"
"강원도 원주시 단계동","8**","다가구","12m미만","217.49","204","201508","21~31","33,000","1994","금불3길"
"강원도 원주시 단계동","1***","다가구","12m미만","336.14","204.5","201504","11~20","38,500","1999","모래내길"
"강원도 원주시 단계동","9**","다가구","12m미만","377.28","204.5","201506","1~10","38,000","1996","이화4길"
"강원도 원주시 단계동","8**","다가구","8m미만","405.98","207","201503","11~20","57,000","2014","이화5길"
"강원도 원주시 단계동","9**","다가구","25m미만","204.1","207.9","201503","11~20","30,000","1995","이화1길"
"강원도 원주시 단계동","9**","다가구","25m미만","327.78","208.1","201511","21~30","46,000","1994","이화1길"
"강원도 원주시 단계동","9**","다가구","25m미만","482.88","209","201503","21~31","48,800","1994","이화2길"
"강원도 원주시 단계동","9**","다가구","25m미만","336.72","209.3","201504","11~20","23,500","1996","이화1길"
"강원도 원주시 단계동","8**","다가구","8m미만","380.34","209.4","201501","21~31","37,200","1997","금불1길"
"강원도 원주시 단계동","9**","다가구","12m미만","376.01","210","201503","21~31","30,000","1996","이화4길"
"강원도 원주시 단계동","8**","다가구","8m미만","418.02","210.5","201509","21~30","71,500","2013","평원초교길"
"강원도 원주시 단계동","9**","다가구","12m미만","364.8","211.1","201501","21~31","40,500","2001","이화4길"
"강원도 원주시 단계동","8**","다가구","25m이상","490.2","212.5","201507","11~20","71,000","2003","봉화로"
"강원도 원주시 단계동","9**","다가구","12m미만","347.57","213.2","201504","11~20","35,350","2002","이화4길"
"강원도 원주시 단계동","1***","다가구","12m미만","423.61","213.6","201506","11~20","71,500","2014","모래내길"
"강원도 원주시 단계동","8**","다가구","12m미만","485.89","214","201504","11~20","36,200","1996","금불4길"
"강원도 원주시 단계동","8**","다가구","12m미만","369.87","214.2","201504","11~20","39,000","1997","금불4길"
"강원도 원주시 단계동","8**","다가구","12m미만","255.6","214.4","201504","21~30","29,800","1994","금불1길"
"강원도 원주시 단계동","8**","다가구","8m미만","378.2","214.6","201503","21~31","40,000","1997","평원초교길"
"강원도 원주시 단계동","1***","다가구","25m미만","361.29","215.7","201512","21~31","106,000","2006","백간공원길"
"강원도 원주시 단계동","8**","다가구","12m미만","336.9","216.9","201503","1~10","57,000","1996","금불3길"
"강원도 원주시 단계동","9**","다가구","8m미만","450.78","217.6","201512","21~31","47,000","2006","이화3길"
"강원도 원주시 단계동","9**","다가구","25m미만","339.44","218.4","201501","21~31","49,500","1999","한지공원길"
"강원도 원주시 단계동","8**","다가구","25m이상","328.44","219.6","201511","11~20","54,500","1962","봉화로"
"강원도 원주시 단계동","8**","다가구","12m미만","344.76","220.6","201511","11~20","38,000","2003","금불4길"
"강원도 원주시 단계동","8**","다가구","12m미만","504.89","220.7","201508","21~31","34,700","1998","금불4길"
"강원도 원주시 단계동","8**","다가구","12m미만","380.35","221.1","201507","21~31","46,000","2000","금불1길"
"강원도 원주시 단계동","8**","다가구","8m미만","307.19","221.4","201507","1~10","20,000","1993","금불1길"
"강원도 원주시 단계동","8**","다가구","25m미만","434.1","221.4","201508","11~20","39,800","1994","금불1길"
"강원도 원주시 단계동","8**","다가구","8m미만","440.24","223.1","201504","21~30","73,500","2014","금불1길"
"강원도 원주시 단계동","8**","다가구","25m이상","445.32","223.2","201511","1~10","111,000","1962","봉화로"
"강원도 원주시 단계동","9**","다가구","25m미만","367.92","223.6","201507","1~10","57,000","1998","한지공원길"
"강원도 원주시 단계동","8**","다가구","8m미만","386.33","224.7","201504","1~10","25,000","1994","금불1길"
"강원도 원주시 단계동","8**","다가구","8m미만","404.19","226","201507","21~31","48,200","2000","금불1길"
"강원도 원주시 단계동","8**","다가구","8m미만","487.5","226.3","201511","21~30","40,500","1995","금불1길"
"강원도 원주시 단계동","8**","다가구","12m미만","482.3","226.6","201512","1~10","46,000","1962","금불4길"
"강원도 원주시 단계동","8**","다가구","8m미만","384.84","227.3","201503","1~10","32,000","1997","금불1길"
"강원도 원주시 단계동","8**","다가구","8m미만","494.82","228","201501","21~31","38,000","1995","금불1길"
"강원도 원주시 단계동","8**","다가구","25m미만","424.5","229","201505","11~20","43,250","1994","금불4길"
"강원도 원주시 단계동","8**","다가구","8m미만","413.57","229.2","201503","11~20","37,300","1995","금불4길"
"강원도 원주시 단계동","8**","다가구","8m미만","470.13","229.7","201504","1~10","33,000","1994","금불1길"
"강원도 원주시 단계동","8**","다가구","8m미만","441.12","231.1","201510","11~20","41,000","1994","평원초교길"
"강원도 원주시 단계동","1***","다가구","12m미만","476.87","231.4","201508","21~31","42,000","1996","모래내길"
"강원도 원주시 단계동","9**","다가구","8m미만","392.67","232","201504","11~20","62,000","2012","이화1길"
"강원도 원주시 단계동","7*","다가구","8m미만","406.95","232","201504","21~30","47,740","2014","모란1길"
"강원도 원주시 단계동","9**","다가구","25m미만","452.56","232","201501","1~10","58,800","2008","이화1길"
"강원도 원주시 단계동","9**","다가구","25m미만","340.63","232.1","201501","1~10","25,000","1996","이화1길"
"강원도 원주시 단계동","8**","다가구","12m미만","247.71","232.5","201507","1~10","27,000","1994","이화5길"
"강원도 원주시 단계동","9**","다가구","12m미만","396.83","234.1","201504","21~30","28,000","1996","이화3길"
"강원도 원주시 단계동","9**","다가구","12m미만","465.72","234.4","201510","1~10","72,500","2013","이화4길"
"강원도 원주시 단계동","8**","다가구","12m미만","232.38","234.6","201509","11~20","28,000","1996","이화5길"
"강원도 원주시 단계동","7**","다가구","12m미만","473.03","236.1","201506","11~20","40,000","1995","단구로"
"강원도 원주시 단계동","8**","다가구","25m미만","436.31","237.9","201504","1~10","51,750","1993","금불2길"
"강원도 원주시 단계동","9**","다가구","25m미만","504.84","238.2","201506","21~30","41,000","1995","이화2길"
"강원도 원주시 단계동","9**","다가구","12m미만","341.94","238.8","201506","11~20","44,500","2002","이화3길"
"강원도 원주시 단계동","8**","다가구","8m미만","141.49","240","201502","1~10","18,500","1986","단구로69번길"
"강원도 원주시 단계동","9**","다가구","8m미만","458.76","241.1","201503","21~31","59,500","2013","이화3길"
"강원도 원주시 단계동","9**","다가구","8m미만","488.79","247.9","201504","21~30","57,000","2007","이화1길"
"강원도 원주시 단계동","9**","다가구","8m미만","376.88","248.1","201505","11~20","49,500","2002","이화1길"
"강원도 원주시 단계동","1***","다가구","25m미만","494.72","249.8","201508","11~20","116,000","2013","백간공원길"
"강원도 원주시 단계동","7*","다가구","8m미만","433.65","250","201504","21~30","53,060","2014","모란1길"
"강원도 원주시 단계동","8**","다가구","8m미만","494.88","251.6","201501","21~31","34,500","1995","금불1길"
"강원도 원주시 단계동","7*","다가구","8m미만","450.45","254","201504","21~30","52,407","2014","모란1길"
"강원도 원주시 단계동","8**","다가구","12m미만","266.38","256.9","201502","1~10","28,500","1993","이화6길"
"강원도 원주시 단계동","7**","다가구","-","439.83","260","201511","21~30","57,616","2015","샘둔지길"
"강원도 원주시 단계동","9**","다가구","25m미만","491.19","262.3","201503","21~31","35,500","1994","이화1길"
"강원도 원주시 단계동","7*","다가구","8m미만","472.29","273","201504","21~30","55,505","2014","모란1길"
"강원도 원주시 단계동","1**","다가구","8m미만","234","278","201503","1~10","23,000","1994","원문로118번길"
"강원도 원주시 단계동","9**","다가구","12m미만","427.74","278","201501","21~31","52,000","2002","이화3길"
"강원도 원주시 단계동","8**","다가구","12m미만","461.05","280.2","201508","1~10","45,000","2000","금불4길"
"강원도 원주시 단계동","7*","다가구","8m미만","488.09","281","201504","21~30","58,163","2014","모란1길"
"강원도 원주시 단계동","9**","다가구","12m미만","503.65","287.6","201507","11~20","59,800","1997","이화3길"
"강원도 원주시 단계동","9**","다가구","12m미만","503.65","287.6","201503","1~10","59,500","1997","이화3길"
"강원도 원주시 단계동","9**","다가구","12m미만","516.53","297.3","201501","21~31","66,000","2006","이화3길"
"강원도 원주시 단계동","7*","다가구","12m미만","575.7","301","201504","21~30","68,776","2014","원문로100번길"
"강원도 원주시 단계동","7*","다가구","12m미만","591.82","301","201504","21~30","69,173","2014","원문로100번길"
"강원도 원주시 단계동","7*","다가구","12m미만","575.7","308","201504","21~30","69,180","2014","모란1길"
"강원도 원주시 단계동","7*","다가구","8m미만","543.41","319","201504","21~30","66,537","2014","모란1길"
"강원도 원주시 단계동","7*","단독","8m미만","52.1","119","201504","1~10","4,900","1970","모란1길"
"강원도 원주시 단계동","7**","단독","12m미만","49.08","131.6","201502","1~10","10,500","1982","소삼터길"
"강원도 원주시 단계동","7*","단독","8m미만","119.63","136","201509","21~30","16,000","2011","모란1길"
"강원도 원주시 단계동","1**","단독","8m미만","49.59","142","201504","1~10","4,000","1979","원문로125번길"
"강원도 원주시 단계동","1**","단독","8m미만","63.1","142","201509","21~30","5,500","1984","원문로125번길"
"강원도 원주시 단계동","1**","단독","8m미만","45.62","144","201508","21~31","7,000","1970","원문로137번길"
"강원도 원주시 단계동","1**","단독","8m미만","66.49","146","201503","21~31","11,800","1979","원문로100번길"
"강원도 원주시 단계동","9**","단독","8m미만","82.08","180.3","201501","1~10","14,000","1994","이화3길"
"강원도 원주시 단계동","8**","단독","8m미만","298.98","181","201510","21~31","36,000","2001","이화5길"
"강원도 원주시 단계동","7*","단독","8m미만","44.19","182","201502","1~10","4,700","1974","모란1길"
"강원도 원주시 단계동","1**","단독","8m미만","75.56","182","201505","21~31","11,500","1983","원문로112번길"
"강원도 원주시 단계동","7**","단독","12m미만","95.28","190.1","201501","21~31","12,800","1985","단구로"
"강원도 원주시 단계동","9*","단독","8m미만","35.46","207","201506","1~10","10,500","null","원문로100번길"
"강원도 원주시 단계동","8**","단독","8m미만","329.73","208.8","201509","1~10","35,000","1995","금불1길"
"강원도 원주시 단계동","1***","단독","12m미만","329.09","212","201512","21~31","38,500","1996","모래내길"
"강원도 원주시 단계동","1***","단독","12m미만","423.34","213.3","201504","1~10","91,000","2012","백간공원길"
"강원도 원주시 단계동","9**","단독","12m미만","167.66","218.2","201508","1~10","23,000","1995","이화3길"
"강원도 원주시 단계동","9**","단독","12m미만","80.37","218.9","201504","11~20","17,500","1994","이화3길"
"강원도 원주시 단계동","9**","단독","12m미만","425.31","223.5","201509","11~20","32,500","1995","이화3길"
"강원도 원주시 단계동","8**","단독","8m미만","422.64","226.1","201510","21~31","36,500","1995","금불1길"
"강원도 원주시 단계동","8**","단독","8m미만","441.02","231.1","201504","21~30","40,000","1994","평원초교길"
"강원도 원주시 단계동","9**","단독","12m미만","88.8","231.9","201506","1~10","18,500","1999","이화4길"
"강원도 원주시 단계동","9**","단독","25m미만","366.79","235.7","201511","1~10","35,000","1962","무실로"
"강원도 원주시 단계동","8**","단독","8m미만","96.08","253.4","201504","11~20","19,500","1987","단구로69번길"
"강원도 원주시 단계동","8*","단독","8m미만","127.05","326","201505","11~20","22,600","1979","원문로100번길"
"강원도 원주시 단계동","3**","단독","8m미만","30.06","350","201505","11~20","6,000","2011","이화5길"
"강원도 원주시 단구동","1**","다가구","8m미만","126.27","141","201506","11~20","12,800","1990","치악로1614번길"
"강원도 원주시 단구동","6**","다가구","25m미만","194.3","151","201512","21~31","24,200","1989","단구로"
"강원도 원주시 단구동","5**","다가구","8m미만","143.17","154","201510","1~10","26,300","1988","단구로243번길"
"강원도 원주시 단구동","8*","다가구","12m미만","172.77","154","201511","11~20","15,000","1991","치악로1570번길"
"강원도 원주시 단구동","1***","다가구","12m미만","281.79","166.2","201505","11~20","34,300","1998","천매봉길"
"강원도 원주시 단구동","1***","다가구","12m미만","376.08","177.7","201502","11~20","50,000","2007","구곡길"
"강원도 원주시 단구동","1***","다가구","25m미만","314.98","180.5","201506","1~10","46,000","2003","천매봉길"
"강원도 원주시 단구동","1***","다가구","25m미만","356.26","184.4","201510","1~10","58,500","2015","천매봉길"
"강원도 원주시 단구동","1***","다가구","12m미만","393.59","188.2","201508","11~20","53,000","2007","구곡길"
"강원도 원주시 단구동","1***","다가구","12m미만","366.9","188.5","201504","21~30","49,000","2007","천매봉길"
"강원도 원주시 단구동","1***","다가구","12m미만","419.81","189.6","201507","21~31","41,500","2002","구곡길"
"강원도 원주시 단구동","1***","다가구","12m미만","362.08","190.3","201507","1~10","62,900","2006","토지길"
"강원도 원주시 단구동","1***","다가구","12m미만","392.68","191.7","201506","21~30","57,500","2010","구곡길"
"강원도 원주시 단구동","1***","다가구","12m미만","395.57","192.2","201501","21~31","55,000","2011","단관길"
"강원도 원주시 단구동","1***","다가구","12m미만","377.89","192.8","201507","21~31","56,000","2005","구곡길"
"강원도 원주시 단구동","1***","다가구","12m미만","384.68","193.6","201509","21~30","71,000","2013","구곡길"
"강원도 원주시 단구동","1***","다가구","12m미만","392.45","193.7","201502","21~28","58,400","2002","구곡길"
"강원도 원주시 단구동","1***","다가구","25m미만","346.08","194.1","201506","1~10","60,000","1999","늘품로"
"강원도 원주시 단구동","1***","다가구","12m미만","296.86","194.7","201512","21~31","31,000","1998","null"
"강원도 원주시 단구동","1***","다가구","12m미만","334.7","194.9","201510","1~10","45,000","2002","구곡길"
"강원도 원주시 단구동","1***","다가구","25m미만","345.66","194.9","201512","1~10","65,500","2000","늘품로"
"강원도 원주시 단구동","1***","다가구","12m미만","385.35","194.9","201512","1~10","50,300","2006","구곡길"
"강원도 원주시 단구동","1***","다가구","12m미만","379.05","195","201504","21~30","45,000","2006","구곡길"
"강원도 원주시 단구동","1***","다가구","12m미만","408.42","195.5","201504","11~20","50,000","2005","구곡길"
"강원도 원주시 단구동","1***","다가구","12m미만","408.42","195.6","201504","11~20","48,700","2005","구곡길"
"강원도 원주시 단구동","1***","다가구","12m미만","296.56","196.3","201512","21~31","43,000","2001","천매봉길"
"강원도 원주시 단구동","1***","다가구","12m미만","334.83","196.4","201508","11~20","45,500","2003","천매봉길"
"강원도 원주시 단구동","1***","다가구","12m미만","356.85","196.8","201502","1~10","53,000","2011","천매봉길"
"강원도 원주시 단구동","1***","다가구","12m미만","391.48","196.9","201508","11~20","53,500","2006","구곡길"
"강원도 원주시 단구동","1***","다가구","12m미만","440.64","197.1","201501","1~10","46,300","2006","오성마을길"
"강원도 원주시 단구동","1***","다가구","12m미만","351.15","197.9","201506","21~30","56,000","2003","토지길"
"강원도 원주시 단구동","6*","다가구","8m미만","134.54","199","201502","21~28","18,800","1983","치악로1534번길"
"강원도 원주시 단구동","1***","다가구","12m미만","347.25","199.1","201508","21~31","46,300","2003","토지길"
"강원도 원주시 단구동","1***","다가구","12m미만","365.6","199.3","201505","11~20","56,000","2015","앙월길"
"강원도 원주시 단구동","1***","다가구","12m미만","352.64","199.9","201501","21~31","42,000","2007","천매봉길"
"강원도 원주시 단구동","1***","다가구","12m미만","376.57","200","201504","11~20","64,000","2013","천매봉길"
"강원도 원주시 단구동","1***","다가구","12m미만","342.24","200.8","201508","11~20","40,000","2004","천매봉길"
"강원도 원주시 단구동","1***","다가구","12m미만","330.24","202.8","201512","11~20","53,500","2006","토지길"
"강원도 원주시 단구동","1***","다가구","25m미만","364.77","204.4","201504","21~30","47,000","2002","남원로442번길"
"강원도 원주시 단구동","1***","다가구","12m미만","408.02","204.8","201511","21~30","76,800","2015","앙월길"
"강원도 원주시 단구동","1***","다가구","12m미만","341.98","205.4","201512","11~20","50,000","2003","구곡길"
"강원도 원주시 단구동","1***","다가구","12m미만","418.82","205.7","201504","21~30","54,000","2006","구곡길"
"강원도 원주시 단구동","1***","다가구","12m미만","309.93","208","201505","1~10","42,800","2002","단관길"
"강원도 원주시 단구동","1***","다가구","25m미만","417.03","208.8","201510","1~10","63,500","2005","치악로1524번길"
"강원도 원주시 단구동","1***","다가구","12m미만","377.93","209.4","201506","11~20","61,300","2010","천매봉길"
"강원도 원주시 단구동","1***","다가구","12m미만","238.42","209.6","201505","11~20","34,000","2002","토지길"
"강원도 원주시 단구동","1***","다가구","12m미만","395.91","209.6","201504","21~30","64,500","2012","토지길"
"강원도 원주시 단구동","1***","다가구","12m미만","396.16","210.4","201505","1~10","58,000","2007","천매봉길"
"강원도 원주시 단구동","1***","다가구","12m미만","259.09","213","201501","11~20","39,000","2006","토지길"
"강원도 원주시 단구동","1***","다가구","25m미만","380.7","215.1","201503","11~20","59,500","2005","단관길"
"강원도 원주시 단구동","1***","다가구","12m미만","316.21","215.2","201503","21~31","53,500","2006","구곡길"
"강원도 원주시 단구동","1***","다가구","25m미만","478.88","215.2","201504","11~20","60,000","2008","남원로442번길"
"강원도 원주시 단구동","1***","다가구","12m미만","391.22","216","201507","1~10","56,000","2007","앙월길"
"강원도 원주시 단구동","1***","다가구","12m미만","271.85","216.2","201505","21~31","29,600","2002","구곡길"
"강원도 원주시 단구동","1***","다가구","12m미만","434.66","218.8","201508","21~31","84,000","2014","토지길"
"강원도 원주시 단구동","1***","다가구","12m미만","428.7","218.9","201507","11~20","80,000","2014","치악로"
"강원도 원주시 단구동","1***","다가구","25m미만","391.68","219.6","201505","1~10","77,000","1999","단구로"
"강원도 원주시 단구동","1***","다가구","12m미만","390.36","220.3","201507","21~31","45,000","1998","천매봉길"
"강원도 원주시 단구동","1***","다가구","12m미만","444.47","222.4","201502","1~10","86,000","2013","구곡길"
"강원도 원주시 단구동","1***","다가구","25m미만","381.79","222.8","201501","1~10","62,000","2004","단관길"
"강원도 원주시 단구동","1***","다가구","12m미만","439.52","223.4","201505","21~31","71,800","2007","토지길"
"강원도 원주시 단구동","1***","다가구","12m미만","376.98","230.4","201507","1~10","62,000","2004","토지길"
"강원도 원주시 단구동","1***","다가구","12m미만","398.31","231.8","201505","11~20","68,000","2011","단관길"
"강원도 원주시 단구동","1***","다가구","12m미만","162.45","234.3","201509","21~30","20,750","1986","송림길"
"강원도 원주시 단구동","1***","다가구","12m미만","224.73","235.9","201512","11~20","44,200","2002","토지길"
"강원도 원주시 단구동","1***","다가구","12m미만","399.55","238.6","201507","21~31","57,500","2008","단관길"
"강원도 원주시 단구동","1***","다가구","12m미만","421.48","244","201504","1~10","58,800","2005","나비허리길"
"강원도 원주시 단구동","1***","다가구","25m이상","383.25","250.8","201501","21~31","57,750","2002","치악로"
"강원도 원주시 단구동","1***","다가구","12m미만","457.44","251.7","201505","21~31","75,000","2014","단구초교길"
"강원도 원주시 단구동","8**","다가구","8m미만","427.32","252","201511","21~30","54,198","2015","단관공원길"
"강원도 원주시 단구동","1***","다가구","12m미만","720.85","262","201501","1~10","80,000","2002","천매봉길"
"강원도 원주시 단구동","1***","다가구","12m미만","457.44","265.6","201510","11~20","59,500","2001","천매봉길"
"강원도 원주시 단구동","1***","다가구","12m미만","614.22","268.1","201508","1~10","82,000","2008","천매봉길"
"강원도 원주시 단구동","1***","다가구","12m미만","451.57","274.2","201509","11~20","70,500","2003","토지길"
"강원도 원주시 단구동","1***","다가구","12m미만","636.44","368.1","201512","11~20","95,500","2006","천매봉길"
"강원도 원주시 단구동","1***","다가구","12m미만","623.88","369.5","201509","21~30","105,000","2010","천매봉길"
"강원도 원주시 단구동","1***","다가구","12m미만","398.36","369.7","201501","21~31","50,000","2000","천매봉길"
"강원도 원주시 단구동","1***","다가구","12m미만","494.64","370.2","201504","1~10","64,500","2005","천매봉길"
"강원도 원주시 단구동","1***","다가구","12m미만","393.75","388.9","201508","11~20","61,000","2003","구곡길"
"강원도 원주시 단구동","7*","다가구","25m미만","825.06","725","201512","11~20","88,000","1994","단구초교길"
"강원도 원주시 단구동","6**","단독","8m미만","18.27","53","201509","11~20","4,500","1977","치악로"
"강원도 원주시 단구동","7*","단독","8m미만","81.4","78","201510","1~10","7,000","1995","홍판서길"
"강원도 원주시 단구동","1***","단독","12m미만","68.11","115.8","201505","21~31","4,500","2003","치악로1534번길"
"강원도 원주시 단구동","1***","단독","12m미만","92.54","132.8","201503","11~20","9,500","1988","송림길"
"강원도 원주시 단구동","6**","단독","8m미만","84.8","139","201503","1~10","8,700","1984","치악로"
"강원도 원주시 단구동","6**","단독","12m미만","130.94","147","201507","1~10","19,000","1982","치악로"
"강원도 원주시 단구동","8**","단독","25m이상","45.2","149","201510","1~10","17,000","1962","단관공원길"
"강원도 원주시 단구동","8*","단독","8m미만","36","154","201504","1~10","10,000","1975","강변로"
"강원도 원주시 단구동","6**","단독","8m미만","315.4","165","201508","21~31","19,500","1996","치악로"
"강원도 원주시 단구동","1**","단독","25m미만","258.53","178","201508","1~10","19,000","1991","강변로"
"강원도 원주시 단구동","1***","단독","12m미만","288.69","181.8","201507","11~20","33,600","1988","송림길"
"강원도 원주시 단구동","1***","단독","12m미만","411.53","184","201507","21~31","55,000","2007","천매봉길"
"강원도 원주시 단구동","1***","단독","12m미만","414.12","187.6","201504","11~20","57,600","2005","천매봉길"
"강원도 원주시 단구동","5**","단독","25m미만","195.85","192","201507","1~10","23,700","1986","치악로1735번길"
"강원도 원주시 단구동","1***","단독","12m미만","405.48","192.7","201506","11~20","72,500","2014","천매봉길"
"강원도 원주시 단구동","1***","단독","12m미만","190.83","194.3","201507","1~10","32,000","2006","구곡길"
"강원도 원주시 단구동","1***","단독","12m미만","188.58","195.6","201507","11~20","33,000","2002","구곡길"
"강원도 원주시 단구동","6*","단독","8m미만","134.77","199","201511","1~10","20,500","1983","치악로1534번길"
"강원도 원주시 단구동","1***","단독","12m미만","432.02","200.2","201508","11~20","65,500","2010","천매봉길"
"강원도 원주시 단구동","1***","단독","25m미만","356.84","203","201512","21~31","68,000","1962","늘품로"
"강원도 원주시 단구동","1***","단독","12m미만","96","203.5","201504","21~30","31,000","2002","천매봉길"
"강원도 원주시 단구동","1***","단독","12m미만","120.96","204.6","201511","11~20","19,500","2002","앙월길"
"강원도 원주시 단구동","1***","단독","12m미만","453.05","205.1","201505","21~31","57,700","2007","구곡길"
"강원도 원주시 단구동","1***","단독","12m미만","123.75","208.3","201509","1~10","29,000","2002","단관길"
"강원도 원주시 단구동","1***","단독","12m미만","210.38","208.8","201508","11~20","34,500","2002","구곡길"
"강원도 원주시 단구동","6**","단독","12m미만","92.46","211","201501","21~31","13,000","1984","치악로"
"강원도 원주시 단구동","5**","단독","12m미만","45","212","201510","11~20","20,000","1985","치악로"
"강원도 원주시 단구동","1***","단독","25m미만","423","212.2","201505","21~31","70,000","2013","천매봉길"
"강원도 원주시 단구동","1**","단독","8m미만","142.42","214","201503","21~31","16,000","1985","치악로"
"강원도 원주시 단구동","1***","단독","12m미만","121.98","214.7","201506","1~10","26,500","2000","천매봉길"
"강원도 원주시 단구동","1***","단독","25m미만","359.02","215","201504","21~30","57,700","2005","남원로442번길"
"강원도 원주시 단구동","1***","단독","12m미만","122.13","215.2","201505","1~10","26,000","2002","토지길"
"강원도 원주시 단구동","6**","단독","8m미만","44.6","216","201507","11~20","15,500","2009","서원대로463번길"
"강원도 원주시 단구동","6*","단독","12m미만","98.16","216","201508","21~31","17,500","1984","치악로1524번길"
"강원도 원주시 단구동","1***","단독","12m미만","127.84","216","201505","1~10","30,500","2002","토지길"
"강원도 원주시 단구동","1***","단독","12m미만","380.88","216","201512","1~10","54,000","1962","토지길"
"강원도 원주시 단구동","1***","단독","12m미만","443.32","216.2","201511","1~10","77,000","1962","구곡길"
"강원도 원주시 단구동","1***","단독","12m미만","127.5","217.8","201509","11~20","32,000","2002","토지길"
"강원도 원주시 단구동","1***","단독","12m미만","117","219","201511","1~10","7,950","2002","천매봉길"
"강원도 원주시 단구동","1***","단독","12m미만","133.22","224.7","201511","21~30","38,000","2005","동부순환로"
"강원도 원주시 단구동","1***","단독","12m미만","392.99","226.5","201507","11~20","44,000","2003","단관길"
"강원도 원주시 단구동","1***","단독","12m미만","102.46","230.1","201509","11~20","25,000","1985","송림길"
"강원도 원주시 단구동","1***","단독","12m미만","102.46","230.1","201512","1~10","25,400","1985","송림길"
"강원도 원주시 단구동","1**","단독","8m미만","49.95","233","201511","1~10","14,800","1976","홍판서길"
"강원도 원주시 단구동","5*","단독","8m미만","155.38","240","201505","21~31","31,800","null","치악로1534번길"
"강원도 원주시 단구동","6*","단독","8m미만","80.45","244","201510","11~20","25,000","1974","치악로1524번길"
"강원도 원주시 단구동","1**","단독","25m이상","159.95","247","201510","1~10","24,000","1989","치악로"
"강원도 원주시 단구동","1**","단독","8m미만","90.36","263","201505","11~20","15,100","1972","홍판서길"
"강원도 원주시 단구동","6**","단독","8m미만","254.6","278","201510","11~20","21,000","1988","관후길"
"강원도 원주시 단구동","6**","단독","8m미만","254.6","278","201506","21~30","20,500","1988","관후길"
"강원도 원주시 단구동","6**","단독","8m미만","42.97","280","201504","21~30","12,600","1952","관후길"
"강원도 원주시 단구동","6*","단독","8m미만","122.57","284","201511","1~10","26,000","1962","치악로1534번길"
"강원도 원주시 단구동","5**","단독","8m미만","167.8","298","201510","21~31","24,500","1987","치악로1735번길"
"강원도 원주시 단구동","1**","단독","8m미만","60.68","316","201508","21~31","19,000","1976","홍판서길"
"강원도 원주시 단구동","1**","단독","8m미만","64.89","316","201505","1~10","14,700","null","null"
"강원도 원주시 단구동","8*","단독","12m미만","92.79","329","201506","21~30","29,000","1985","치악로1570번길"
"강원도 원주시 단구동","6**","단독","8m미만","85.93","332","201509","11~20","19,000","1992","치악로"
"강원도 원주시 단구동","1***","단독","12m미만","425.81","371.9","201504","1~10","60,000","2003","천매봉길"
"강원도 원주시 단구동","1***","단독","12m미만","260.15","376.7","201506","21~30","58,000","2002","천매봉길"
"강원도 원주시 단구동","6**","단독","8m미만","143.87","476","201503","21~31","23,100","null","관후길"
"강원도 원주시 명륜동","8**","다가구","12m미만","298.77","171.2","201501","11~20","40,000","2000","황소마을길"
"강원도 원주시 명륜동","2**","다가구","25m미만","283.57","180","201503","1~10","40,000","1990","단구로"
"강원도 원주시 명륜동","8**","다가구","12m미만","320.1","186","201504","11~20","43,500","2004","소방서길"
"강원도 원주시 명륜동","8**","다가구","12m미만","320.1","186.4","201511","11~20","49,000","1962","소방서길"
"강원도 원주시 명륜동","8**","다가구","25m미만","329.73","189","201505","11~20","40,000","1998","남원로469번길"
"강원도 원주시 명륜동","8**","다가구","25m미만","340.09","196.5","201504","1~10","50,000","2004","한지공원길"
"강원도 원주시 명륜동","8**","다가구","12m미만","442.81","196.5","201507","21~31","71,500","2013","남원로469번길"
"강원도 원주시 명륜동","8**","다가구","25m미만","344.4","197.6","201511","21~30","47,000","1962","한지공원길"
"강원도 원주시 명륜동","8**","다가구","12m미만","348.48","197.6","201511","21~30","52,500","2003","남원로469번길"
"강원도 원주시 명륜동","4**","다가구","8m미만","197.02","198","201511","11~20","21,000","1962","남원로527번길"
"강원도 원주시 명륜동","6**","다가구","8m미만","133.46","200","201503","11~20","21,000","1983","황소마을길"
"강원도 원주시 명륜동","4**","다가구","8m미만","299.5","200","201512","1~10","38,000","1994","남원로527번길"
"강원도 원주시 명륜동","8**","다가구","12m미만","467.42","201.9","201510","11~20","59,000","2004","남원로469번길"
"강원도 원주시 명륜동","8**","다가구","12m미만","463.2","202.5","201508","1~10","56,800","2006","남원로469번길"
"강원도 원주시 명륜동","8**","다가구","12m미만","436.66","203.5","201503","1~10","59,000","2009","남원로469번길"
"강원도 원주시 명륜동","8**","다가구","12m미만","356.76","204.2","201510","11~20","52,000","2000","남원로469번길"
"강원도 원주시 명륜동","8**","다가구","12m미만","368.9","204.4","201507","1~10","46,000","2005","남원로469번길"
"강원도 원주시 명륜동","6**","다가구","8m미만","351.25","210","201506","1~10","34,500","1994","황소마을길"
"강원도 원주시 명륜동","8**","다가구","12m미만","493.92","211.8","201510","1~10","60,000","2002","남원로469번길"
"강원도 원주시 명륜동","8**","다가구","12m미만","353.2","212.1","201508","11~20","61,000","2009","소방서길"
"강원도 원주시 명륜동","8**","다가구","12m미만","434","213.3","201504","11~20","60,000","2009","남원로469번길"
"강원도 원주시 명륜동","8**","다가구","12m미만","365.83","214.5","201503","1~10","63,500","2011","남원로469번길"
"강원도 원주시 명륜동","8**","다가구","25m미만","494","215.2","201501","1~10","60,000","2007","남원로469번길"
"강원도 원주시 명륜동","8**","다가구","25m미만","369.73","215.4","201501","21~31","44,700","2004","남원로469번길"
"강원도 원주시 명륜동","8**","다가구","12m미만","390.26","218.7","201506","21~30","50,000","2009","남원로469번길"
"강원도 원주시 명륜동","8**","다가구","12m미만","369.57","218.8","201512","11~20","40,000","2001","소방서길"
"강원도 원주시 명륜동","8**","다가구","12m미만","488.2","219.6","201502","1~10","27,280","2002","한지공원길"
"강원도 원주시 명륜동","8**","다가구","12m미만","391.32","219.8","201511","11~20","35,000","2003","소방서길"
"강원도 원주시 명륜동","3**","다가구","12m미만","189.18","220.9","201503","21~31","20,000","1989","종각길"
"강원도 원주시 명륜동","8**","다가구","25m미만","504.61","223","201501","21~31","59,000","2006","남원로469번길"
"강원도 원주시 명륜동","4**","다가구","25m미만","192.81","228","201502","1~10","27,000","1986","남원로527번길"
"강원도 원주시 명륜동","8**","다가구","12m미만","399.02","238.8","201504","21~30","47,000","2006","소방서길"
"강원도 원주시 명륜동","4**","다가구","25m미만","488.44","241","201511","1~10","59,000","1988","예술관길"
"강원도 원주시 명륜동","6*","단독","8m미만","31.59","94","201510","21~31","4,500","1965","향교길"
"강원도 원주시 명륜동","2**","단독","8m미만","27.01","96","201503","21~31","2,500","1962","남원로"
"강원도 원주시 명륜동","3**","단독","12m미만","112.9","106.9","201502","1~10","13,500","2001","종각길"
"강원도 원주시 명륜동","3**","단독","8m미만","104.06","116.1","201504","1~10","12,700","1990","종각길"
"강원도 원주시 명륜동","6*","단독","8m미만","157.44","126","201505","21~31","14,000","1996","남산고개길"
"강원도 원주시 명륜동","7*","단독","8m미만","66.61","136","201504","21~30","7,300","1975","향교길"
"강원도 원주시 명륜동","3**","단독","8m미만","113.25","137.6","201508","21~31","13,000","1987","종각길"
"강원도 원주시 명륜동","3*","단독","8m미만","65","142","201512","1~10","9,500","1962","남부시장길"
"강원도 원주시 명륜동","7*","단독","8m미만","83.76","152","201512","21~31","11,800","1984","탑두둑길"
"강원도 원주시 명륜동","7*","단독","8m미만","77.49","179","201509","21~30","9,000","1982","향교길"
"강원도 원주시 명륜동","3**","단독","12m미만","92.28","180.2","201510","1~10","15,500","1982","종각길"
"강원도 원주시 명륜동","8**","단독","12m미만","399.56","183.8","201508","21~31","64,500","2010","황소마을길"
"강원도 원주시 명륜동","8**","단독","12m미만","324.92","190.7","201511","21~30","64,500","1962","남원로469번길"
"강원도 원주시 명륜동","3**","단독","12m미만","49.95","192.6","201501","1~10","15,500","1976","종각길"
"강원도 원주시 명륜동","8**","단독","12m미만","394.96","193.9","201504","1~10","48,500","2001","남원로469번길"
"강원도 원주시 명륜동","1**","단독","8m미만","95.49","198","201501","11~20","6,000","1969","남원로"
"강원도 원주시 명륜동","8**","단독","25m미만","198.38","200.2","201506","11~20","28,000","2005","한지공원길"
"강원도 원주시 명륜동","8**","단독","12m미만","57.01","207.2","201505","21~31","18,676","null","남원로469번길"
"강원도 원주시 명륜동","3**","단독","12m미만","182.86","207.3","201511","11~20","17,500","1987","종각길"
"강원도 원주시 명륜동","8**","단독","12m미만","239.7","209.5","201504","11~20","25,500","2001","남원로469번길"
"강원도 원주시 명륜동","3**","단독","8m미만","239.61","210","201506","11~20","28,500","1987","남원로527번길"
"강원도 원주시 명륜동","8**","단독","25m미만","332.27","211","201506","1~10","41,000","2001","한지공원길"
"강원도 원주시 명륜동","8**","단독","12m미만","285.2","211.8","201510","11~20","42,000","2003","남원로469번길"
"강원도 원주시 명륜동","8**","단독","12m미만","373.49","213.1","201506","11~20","47,000","2004","남원로469번길"
"강원도 원주시 명륜동","8**","단독","12m미만","368.5","213.3","201506","21~30","47,800","2002","남원로469번길"
"강원도 원주시 명륜동","3**","단독","8m미만","112.23","214.7","201507","21~31","21,500","1987","종각길"
"강원도 원주시 명륜동","6**","단독","8m미만","70.74","215","201510","1~10","15,000","1980","황소마을길"
"강원도 원주시 명륜동","6**","단독","8m미만","84.86","216","201510","1~10","14,800","1983","황소마을길"
"강원도 원주시 명륜동","6**","단독","8m미만","70.74","217","201510","21~31","17,400","1980","황소마을길"
"강원도 원주시 명륜동","8**","단독","12m미만","430.53","217.7","201511","1~10","83,000","1962","남원로469번길"
"강원도 원주시 명륜동","4**","단독","12m미만","185.7","220","201511","11~20","23,600","1987","남원로527번길"
"강원도 원주시 명륜동","5**","단독","8m미만","113.77","222","201504","1~10","18,411","1988","남원로527번길"
"강원도 원주시 명륜동","4**","단독","12m미만","168","224","201506","21~30","23,500","2002","남원로527번길"
"강원도 원주시 명륜동","4**","단독","25m미만","418.8","261","201505","11~20","49,000","1987","예술관길"
"강원도 원주시 명륜동","4**","단독","8m미만","271.23","274","201505","21~31","24,800","1991","남원로527번길"
"강원도 원주시 명륜동","4*","단독","8m미만","79.75","328","201509","21~30","7,600","1962","남산고개길"
"강원도 원주시 무실동","1***","다가구","12m미만","407.34","203.5","201512","1~10","65,000","2003","섬밭들2길"
"강원도 원주시 무실동","1***","다가구","12m미만","410.17","207.1","201511","21~30","75,000","1962","섬밭들2길"
"강원도 원주시 무실동","1***","다가구","12m미만","361.14","210.4","201507","1~10","50,000","2005","섬밭들1길"
"강원도 원주시 무실동","1***","다가구","12m미만","373.14","210.4","201510","21~31","50,500","2005","섬밭들1길"
"강원도 원주시 무실동","1***","다가구","12m미만","436.32","219","201506","11~20","75,000","2007","섬밭들1길"
"강원도 원주시 무실동","1***","다가구","12m미만","351.94","222.8","201511","11~20","48,000","2006","섬밭들1길"
"강원도 원주시 무실동","1***","다가구","12m미만","356.98","223.5","201509","21~30","60,000","2007","섬밭들2길"
"강원도 원주시 무실동","1***","다가구","12m미만","494.73","224.5","201505","1~10","88,000","2010","만대공원길"
"강원도 원주시 무실동","1***","다가구","12m미만","424.19","226.4","201502","11~20","61,000","2007","섬밭들1길"
"강원도 원주시 무실동","1***","다가구","12m미만","426.48","230","201511","21~30","66,700","2003","섬밭들1길"
"강원도 원주시 무실동","1***","다가구","25m미만","306.72","250.2","201506","21~30","51,500","2003","만대로"
"강원도 원주시 무실동","1***","다가구","12m미만","493.86","251","201510","21~31","80,000","2012","만대공원길"
"강원도 원주시 무실동","1***","다가구","25m미만","359.39","261.6","201511","21~30","71,900","2014","솔우물2길"
"강원도 원주시 무실동","1***","다가구","12m미만","502.73","268.8","201505","21~31","90,000","2011","만대공원길"
"강원도 원주시 무실동","1***","다가구","25m미만","489.2","268.9","201506","21~30","86,200","2005","만대로"
"강원도 원주시 무실동","1***","다가구","12m미만","377.52","273","201503","11~20","68,500","2014","솔우물2길"
"강원도 원주시 무실동","1***","다가구","12m미만","419.27","278.1","201506","21~30","81,000","2010","만대공원길"
"강원도 원주시 무실동","1***","다가구","12m미만","430.74","283.8","201504","1~10","80,500","2011","무실본동길"
"강원도 원주시 무실동","1***","다가구","12m미만","418.7","292.3","201511","21~30","77,000","2013","솔우물2길"
"강원도 원주시 무실동","1***","다가구","12m미만","430.44","292.6","201503","11~20","73,000","2014","솔우물1길"
"강원도 원주시 무실동","1***","다가구","12m미만","408.86","294.4","201508","1~10","90,000","2013","무실본동길"
"강원도 원주시 무실동","1***","다가구","12m미만","438.41","294.4","201507","11~20","81,600","2013","무실본동길"
"강원도 원주시 무실동","1***","다가구","12m미만","377.13","299.4","201503","11~20","68,500","2014","솔우물1길"
"강원도 원주시 무실동","1***","다가구","25m미만","453.67","305.1","201507","11~20","127,000","2011","무실본동길"
"강원도 원주시 무실동","1***","다가구","12m미만","441.04","309.8","201507","1~10","77,800","2013","솔우물2길"
"강원도 원주시 무실동","1***","다가구","12m미만","409.84","316.3","201509","11~20","70,000","2014","솔우물1길"
"강원도 원주시 무실동","1***","다가구","12m미만","378.96","318.1","201505","21~31","73,500","2014","솔우물1길"
"강원도 원주시 무실동","1***","다가구","12m미만","408.87","322.8","201509","11~20","76,000","2014","솔우물1길"
"강원도 원주시 무실동","1***","다가구","25m미만","618.51","361.3","201509","1~10","113,500","2014","봉바위길"
"강원도 원주시 무실동","1***","다가구","25m미만","715.75","369.8","201508","21~31","112,500","2013","봉바위길"
"강원도 원주시 무실동","9**","다가구","25m이상","403.59","547","201508","21~31","86,000","1991","북원로"
"강원도 원주시 무실동","9**","단독","8m미만","29.88","157","201501","1~10","8,000","2012","마장1길"
"강원도 원주시 무실동","1***","단독","8m미만","30","167","201505","11~20","8,500","2010","무실양지길"
"강원도 원주시 무실동","1***","단독","25m미만","167.65","250.7","201502","1~10","39,500","2014","솔우물2길"
"강원도 원주시 무실동","1***","단독","12m미만","130.86","275.7","201502","11~20","54,000","2009","만대공원길"
"강원도 원주시 무실동","9**","단독","8m미만","74","370","201506","1~10","23,000","1995","마장1길"
"강원도 원주시 무실동","1***","단독","8m미만","54.55","595","201512","1~10","19,100","null","무실양지길"
"강원도 원주시 무실동","1***","단독","8m미만","115.87","993","201510","1~10","45,000","1962","송삼길"
"강원도 원주시 무실동","7**","단독","-","215.25","1077","201512","1~10","81,000","2005","null"
"강원도 원주시 문막읍 건등리","1***","다가구","12m미만","349.53","200.9","201509","21~30","28,000","1997","건등로"
"강원도 원주시 문막읍 건등리","3**","단독","8m미만","61.04","188","201507","11~20","4,000","1962","토평길"
"강원도 원주시 문막읍 건등리","3**","단독","8m미만","61.04","188","201509","11~20","4,500","1962","토평길"
"강원도 원주시 문막읍 건등리","1***","단독","12m미만","119.18","212.2","201508","21~31","16,000","2008","건등로"
"강원도 원주시 문막읍 건등리","4**","단독","8m미만","78.03","453","201502","1~10","8,000","1962","구암길"
"강원도 원주시 문막읍 건등리","9**","단독","8m미만","105.47","457","201504","21~30","10,000","2009","지샘등안길"
"강원도 원주시 문막읍 건등리","9**","단독","8m미만","66.82","484","201506","11~20","8,300","1963","지샘등안길"
"강원도 원주시 문막읍 건등리","1***","단독","8m미만","195.35","625","201511","1~10","43,370","2005","석지1길"
"강원도 원주시 문막읍 건등리","1**","단독","8m미만","114.25","851","201505","21~31","26,067","2014","동건길"
"강원도 원주시 문막읍 건등리","1**","단독","8m미만","82.8","940","201509","11~20","12,000","1990","명봉산길"
"강원도 원주시 문막읍 궁촌리","8**","단독","12m미만","168.72","495","201509","11~20","13,000","2004","귀문로"
"강원도 원주시 문막읍 대둔리","3*","단독","8m미만","68.25","416","201508","21~31","10,500","1996","원문로"
"강원도 원주시 문막읍 대둔리","1**","단독","8m미만","242.39","1712","201505","11~20","32,000","2000","사자골길"
"강원도 원주시 문막읍 동화리","1***","다가구","12m미만","561.06","321.5","201507","1~10","52,500","2010","동화초교길"
"강원도 원주시 문막읍 동화리","1***","다가구","12m미만","589.6","324.2","201512","11~20","85,000","1962","동화초교길"
"강원도 원주시 문막읍 동화리","1***","다가구","8m미만","331.83","415","201505","21~31","54,515","2007","세오름길"
"강원도 원주시 문막읍 동화리","1***","다가구","8m미만","491.25","527","201508","21~31","68,000","2012","세오름길"
"강원도 원주시 문막읍 동화리","9**","단독","8m미만","147.75","320","201507","11~20","22,000","2004","왕건로"
"강원도 원주시 문막읍 동화리","9**","단독","8m미만","147.75","320","201507","1~10","21,500","2004","왕건로"
"강원도 원주시 문막읍 동화리","1***","단독","8m미만","61.74","357","201506","11~20","10,000","1962","작은애니길"
"강원도 원주시 문막읍 동화리","6**","단독","8m미만","73.03","410","201512","21~31","14,500","1983","성아길"
"강원도 원주시 문막읍 동화리","4**","단독","8m미만","87.09","529","201507","1~10","15,000","1997","사재말길"
"강원도 원주시 문막읍 동화리","4**","단독","8m미만","96.98","756","201507","11~20","18,000","2000","사재말길"
"강원도 원주시 문막읍 문막리","2**","다가구","8m미만","66.5","163","201510","21~31","10,000","2004","문막시장2길"
"강원도 원주시 문막읍 문막리","4**","단독","12m미만","152.96","553","201505","11~20","39,400","2004","석지1길"
"강원도 원주시 문막읍 문막리","4**","단독","25m미만","71.8","1186","201511","21~30","80,000","1984","null"
"강원도 원주시 문막읍 반계리","9**","단독","8m미만","48.25","481","201505","21~31","11,500","1962","황효자길"
"강원도 원주시 문막읍 반계리","9**","단독","8m미만","67.7","495","201503","11~20","11,000","1989","황효자길"
"강원도 원주시 문막읍 비두리","2***","다가구","12m미만","99.69","496","201509","11~20","11,000","2001","손비로"
"강원도 원주시 문막읍 비두리","1***","단독","8m미만","57.63","407","201504","21~30","2,000","1990","사흥길"
"강원도 원주시 문막읍 취병리","3**","단독","8m미만","61.6","340","201507","11~20","4,600","2011","임동길"
"강원도 원주시 문막읍 포진리","3**","단독","8m미만","290.64","165","201511","21~30","28,000","1997","문막시장3길"
"강원도 원주시 문막읍 후용리","2**","단독","8m미만","95","660","201510","21~31","9,850","2005","견훤로"
"강원도 원주시 반곡동","1***","단독","8m미만","59.19","170","201504","11~20","9,500","1997","월운정길"
"강원도 원주시 반곡동","1***","단독","8m미만","63.63","182","201504","11~20","4,670","1983","입춘내길"
"강원도 원주시 반곡동","1***","단독","8m미만","98.64","273","201504","1~10","25,000","1998","입춘내길"
"강원도 원주시 반곡동","1***","단독","8m미만","98.64","273","201512","21~31","22,900","1998","입춘내길"
"강원도 원주시 반곡동","1***","단독","8m미만","48.24","323","201511","1~10","37,500","1982","늘품로"
"강원도 원주시 반곡동","1***","단독","8m미만","87.75","330","201508","1~10","37,900","2012","반곡길"
"강원도 원주시 반곡동","3**","단독","8m미만","85.17","466","201509","1~10","40,000","1987","봉대길"
"강원도 원주시 반곡동","3**","단독","8m미만","132.92","617","201510","11~20","70,000","1993","봉대길"
"강원도 원주시 봉산동","1***","다가구","8m미만","201.15","181.4","201501","21~31","22,700","1995","삼광2길"
"강원도 원주시 봉산동","1***","다가구","12m미만","160.23","193.7","201510","11~20","12,000","1995","삼광1길"
"강원도 원주시 봉산동","1***","다가구","8m미만","394.28","197.4","201503","21~31","55,000","2009","삼광2길"
"강원도 원주시 봉산동","1***","다가구","12m미만","337.19","213.7","201506","21~30","31,700","1996","삼광1길"
"강원도 원주시 봉산동","1***","단독","8m미만","48","60","201507","1~10","1,100","1982","봉산3길"
"강원도 원주시 봉산동","9**","단독","8m미만","35.36","63","201510","21~31","3,000","1983","우물시장길"
"강원도 원주시 봉산동","9**","단독","8m미만","46.5","70","201508","11~20","3,500","1983","우물시장길"
"강원도 원주시 봉산동","9**","단독","8m미만","51.6","73","201511","11~20","7,000","1982","우물시장길"
"강원도 원주시 봉산동","1***","단독","8m미만","51.29","84.38","201503","11~20","2,100","1984","봉산1길"
"강원도 원주시 봉산동","9**","단독","8m미만","36.96","96","201511","21~30","8,200","1984","우물시장길"
"강원도 원주시 봉산동","9**","단독","8m미만","27.69","109","201502","1~10","2,400","1983","봉산2길"
"강원도 원주시 봉산동","1***","단독","8m미만","38.88","109","201512","1~10","5,800","1977","배말길"
"강원도 원주시 봉산동","9**","단독","8m미만","69.96","113","201505","11~20","5,700","1982","무위당길"
"강원도 원주시 봉산동","1***","단독","8m미만","49.44","129","201509","21~30","9,300","1974","치악로"
"강원도 원주시 봉산동","4**","단독","8m미만","73.03","132","201505","1~10","10,000","1997","화실유암길"
"강원도 원주시 봉산동","9**","단독","8m미만","31.62","145","201510","1~10","3,600","1983","봉산로55번길"
"강원도 원주시 봉산동","1***","단독","8m미만","173.87","155","201503","21~31","14,500","1995","치악로1878번길"
"강원도 원주시 봉산동","9**","단독","8m미만","71.82","164","201507","21~31","6,500","1993","개륜1길"
"강원도 원주시 봉산동","9**","단독","8m미만","48.6","165","201512","11~20","5,000","1974","무위당길"
"강원도 원주시 봉산동","1***","단독","8m미만","41.53","166","201507","1~10","9,000","null","치악로"
"강원도 원주시 봉산동","9**","단독","8m미만","48.6","172","201506","21~30","8,500","1974","무위당길"
"강원도 원주시 봉산동","1***","단독","8m미만","71.58","173","201512","1~10","14,680","null","봉산2길"
"강원도 원주시 봉산동","1***","단독","8m미만","71.58","173","201501","21~31","7,410","1962","봉산2길"
"강원도 원주시 봉산동","1***","단독","8m미만","60.53","175","201506","1~10","8,600","1982","치악로1878번길"
"강원도 원주시 봉산동","1***","단독","8m미만","42.51","179","201510","21~31","6,900","1962","치악로"
"강원도 원주시 봉산동","1***","단독","8m미만","296.19","180.6","201508","21~31","47,500","2008","삼광2길"
"강원도 원주시 봉산동","1***","단독","12m미만","179.49","184.5","201511","11~20","22,800","1997","삼광1길"
"강원도 원주시 봉산동","1***","단독","8m미만","388.83","196","201505","1~10","49,600","2013","삼광1길"
"강원도 원주시 봉산동","1***","단독","8m미만","350.28","197.8","201508","11~20","29,300","1996","삼광2길"
"강원도 원주시 봉산동","1***","단독","8m미만","36.8","205","201512","1~10","4,000","1985","봉산4길"
"강원도 원주시 봉산동","1***","단독","8m미만","36.8","205","201512","1~10","3,900","1985","봉산4길"
"강원도 원주시 봉산동","1***","단독","12m미만","450.06","207.8","201510","11~20","54,500","2007","삼광1길"
"강원도 원주시 봉산동","1***","단독","8m미만","46","215","201507","21~31","9,100","1983","봉천길"
"강원도 원주시 봉산동","1***","단독","8m미만","85.41","232","201501","21~31","10,000","1985","봉산로"
"강원도 원주시 봉산동","9**","단독","8m미만","125.5","241","201507","11~20","15,000","2006","개륜1길"
"강원도 원주시 봉산동","9**","단독","8m미만","369.93","248","201509","11~20","62,500","2014","현석길"
"강원도 원주시 봉산동","1***","단독","8m미만","32.4","258","201506","1~10","4,500","1962","치악로1878번길"
"강원도 원주시 봉산동","9**","단독","8m미만","59.37","267","201511","1~10","20,500","1975","봉산로"
"강원도 원주시 봉산동","9**","단독","8m미만","91.94","300","201507","21~31","19,000","1980","배말길"
"강원도 원주시 봉산동","1***","단독","25m미만","149.79","302","201507","1~10","20,000","1975","치악로"
"강원도 원주시 봉산동","8**","단독","25m미만","65.88","377","201503","11~20","25,000","1979","봉산로"
"강원도 원주시 봉산동","9**","단독","8m미만","150.66","541","201501","21~31","15,500","1979","무위당길"
"강원도 원주시 봉산동","4**","단독","8m미만","98.66","674","201510","1~10","15,000","2006","살대울모래기길"
"강원도 원주시 부론면 노림리","3*","단독","8m미만","90.45","765","201509","1~10","12,000","2015","모산길"
"강원도 원주시 부론면 노림리","3*","단독","8m미만","90.45","780","201509","1~10","12,500","2015","모산길"
"강원도 원주시 부론면 법천리","1***","단독","8m미만","48","267","201505","11~20","5,040","1963","법천시장길"
"강원도 원주시 부론면 법천리","1***","단독","8m미만","111.67","321","201511","1~10","20,000","2008","부귀로"
"강원도 원주시 부론면 손곡리","1***","다가구","8m미만","222.98","656","201503","11~20","5,000","null","잣나무골길"
"강원도 원주시 부론면 정산리","1***","단독","8m미만","76.55","440","201505","21~31","4,000","1962","솔미2길"
"강원도 원주시 부론면 정산리","1***","단독","8m미만","132.33","660","201507","21~31","27,700","1998","부론로"
"강원도 원주시 부론면 정산리","1***","단독","8m미만","115.13","990","201505","11~20","16,700","2009","정산로"
"강원도 원주시 부론면 흥호리","2**","단독","8m미만","130.44","354","201503","1~10","9,800","1978","하살미길"
"강원도 원주시 소초면 교항리","4**","단독","8m미만","118.77","660","201506","11~20","11,700","2005","치악로"
"강원도 원주시 소초면 둔둔리","7**","단독","8m미만","96.31","499","201501","1~10","13,250","2007","북원로"
"강원도 원주시 소초면 수암리","7**","단독","8m미만","50.44","355","201504","21~30","11,000","2008","진양지길"
"강원도 원주시 소초면 수암리","3**","단독","8m미만","80.42","1177","201511","1~10","12,000","1978","싱근솔길"
"강원도 원주시 소초면 장양리","1***","단독","8m미만","128.99","227","201510","11~20","12,200","1985","장막1길"
"강원도 원주시 소초면 장양리","7**","단독","8m미만","84.86","279","201505","11~20","11,500","1987","장막1길"
"강원도 원주시 소초면 장양리","8**","단독","8m미만","93.24","306","201508","21~31","12,000","1980","검엉터길"
"강원도 원주시 소초면 장양리","7**","단독","8m미만","74","311","201505","1~10","12,000","1981","장막1길"
"강원도 원주시 소초면 장양리","8**","단독","8m미만","65.52","330","201501","11~20","10,000","1980","검엉터길"
"강원도 원주시 소초면 장양리","1**","단독","8m미만","113.1","411","201512","11~20","12,100","1962","신양선녀길"
"강원도 원주시 소초면 장양리","1**","단독","8m미만","196.06","582","201505","1~10","29,000","2006","신양선녀길"
"강원도 원주시 소초면 장양리","1**","단독","8m미만","196.85","705","201505","11~20","20,650","2007","신양선녀길"
"강원도 원주시 소초면 장양리","8*","단독","8m미만","83.31","727","201503","11~20","12,700","1978","섬배로"
"강원도 원주시 소초면 평장리","7**","단독","25m미만","75.2","117.38","201512","21~31","7,000","1978","평장동길"
"강원도 원주시 소초면 평장리","1***","단독","12m미만","71.98","300","201506","1~10","10,500","1996","섬배로"
"강원도 원주시 소초면 평장리","1***","단독","8m미만","97.45","320","201503","11~20","10,000","1994","섬배로"
"강원도 원주시 소초면 평장리","1***","단독","8m미만","52.92","335","201504","21~30","5,000","1978","웃섬배길"
"강원도 원주시 소초면 평장리","1***","단독","-","90.86","615","201509","11~20","15,500","2015","섬배로"
"강원도 원주시 소초면 평장리","1***","단독","8m미만","82.5","646","201507","11~20","10,000","1994","섬배로"
"강원도 원주시 소초면 평장리","1***","단독","8m미만","75.62","647","201507","21~31","13,500","2001","섬배로"
"강원도 원주시 소초면 학곡리","1**","단독","8m미만","105.02","293","201504","21~30","9,000","1994","백교안길"
"강원도 원주시 소초면 학곡리","6**","단독","8m미만","82.35","337","201509","1~10","10,500","1986","치악로"
"강원도 원주시 소초면 학곡리","4**","단독","25m미만","82.45","338","201502","11~20","7,000","2003","서동로"
"강원도 원주시 소초면 학곡리","4**","단독","8m미만","106.2","660","201511","11~20","19,500","1996","칠송윗길"
"강원도 원주시 소초면 흥양리","9**","단독","8m미만","225.24","403","201504","21~30","34,100","null","범골길"
"강원도 원주시 소초면 흥양리","2**","단독","8m미만","204.33","732","201510","11~20","40,000","2008","대왕고개길"
"강원도 원주시 신림면 구학리","2**","단독","8m미만","50.86","547","201506","21~30","10,000","null","석동구미길"
"강원도 원주시 신림면 구학리","6**","단독","8m미만","135.53","660","201508","21~31","14,000","1999","석동구미길"
"강원도 원주시 신림면 구학리","2**","단독","8m미만","85.42","985","201506","21~30","18,000","2001","방학동길"
"강원도 원주시 신림면 금창리","2**","단독","-","80.31","556","201501","11~20","8,000","2015","null"
"강원도 원주시 신림면 금창리","3*","단독","8m미만","91.16","694","201504","1~10","22,000","2014","흑천길"
"강원도 원주시 신림면 금창리","8**","단독","8m미만","180","1116","201506","1~10","21,000","2005","null"
"강원도 원주시 신림면 성남리","4**","단독","8m미만","134.98","538","201507","11~20","15,800","2008","성남로"
"강원도 원주시 신림면 성남리","2**","단독","12m미만","183.93","619","201502","1~10","40,000","1993","성남로"
"강원도 원주시 신림면 성남리","7**","단독","8m미만","197.07","660","201511","1~10","25,000","2004","성남로"
"강원도 원주시 신림면 송계리","3**","다가구","8m미만","145.05","711","201505","11~20","28,600","2009","도원운학로"
"강원도 원주시 신림면 송계리","3**","단독","8m미만","154.6","328","201511","11~20","11,000","2007","회봉산길"
"강원도 원주시 신림면 송계리","1**","단독","8m미만","54.96","461","201509","1~10","9,300","2000","솔치안길"
"강원도 원주시 신림면 송계리","3**","단독","8m미만","139.4","660","201509","1~10","30,000","1999","도원운학로"
"강원도 원주시 신림면 송계리","4**","단독","8m미만","212.41","823","201507","21~31","10,000","2001","계야길"
"강원도 원주시 신림면 신림리","5**","단독","8m미만","93","306","201503","11~20","24,800","2012","역골길"
"강원도 원주시 신림면 신림리","5**","단독","8m미만","41.4","326","201507","11~20","6,700","1983","신산2길"
"강원도 원주시 신림면 신림리","5**","단독","8m미만","98.91","330","201507","21~31","6,200","1999","신산1길"
"강원도 원주시 신림면 신림리","3**","단독","8m미만","99.5","330","201507","11~20","10,318","2007","치악로"
"강원도 원주시 신림면 신림리","1**","단독","8m미만","99.79","495","201502","1~10","16,810","2007","마지동길"
"강원도 원주시 신림면 신림리","4**","단독","8m미만","82.73","686","201508","1~10","21,400","2007","갈곡길"
"강원도 원주시 신림면 용암리","2**","단독","8m미만","54.6","478","201502","21~28","3,000","2002","삼봉1길"
"강원도 원주시 신림면 용암리","5**","단독","8m미만","88.73","479","201508","21~31","5,500","1980","삼봉2길"
"강원도 원주시 신림면 용암리","3**","단독","8m미만","97.46","485","201507","21~31","9,200","2012","종림길"
"강원도 원주시 신림면 용암리","2*","단독","8m미만","146.58","495","201509","11~20","10,000","2011","연봉정길"
"강원도 원주시 신림면 용암리","8**","단독","8m미만","99.6","727","201504","11~20","13,770","2014","탑골길"
"강원도 원주시 신림면 용암리","7**","단독","8m미만","79.84","802","201503","11~20","9,000","2014","용소막길"
"강원도 원주시 신림면 황둔리","1***","다가구","8m미만","271.61","818","201507","11~20","36,000","2003","신림황둔로"
"강원도 원주시 신림면 황둔리","3**","단독","8m미만","92.01","400","201511","11~20","12,000","1962","신목정길"
"강원도 원주시 신림면 황둔리","9**","단독","8m미만","121.29","496","201508","11~20","14,800","2011","재사동길"
"강원도 원주시 신림면 황둔리","7**","단독","12m미만","78.14","521","201502","21~28","10,300","2009","신림황둔로"
"강원도 원주시 신림면 황둔리","1***","단독","12m미만","191.02","660","201508","1~10","6,600","1996","신림황둔로"
"강원도 원주시 우산동","2**","다가구","8m미만","130.26","132","201503","11~20","20,000","1989","유원길"
"강원도 원주시 우산동","9*","다가구","8m미만","199.86","152.7","201505","21~31","18,000","1991","북원로2475번길"
"강원도 원주시 우산동","2**","다가구","8m미만","313.4","154","201512","1~10","59,500","2014","우산초교길"
"강원도 원주시 우산동","9*","다가구","8m미만","277.85","158.7","201507","21~31","24,000","1995","북원로2475번길"
"강원도 원주시 우산동","2**","다가구","12m미만","286.2","166.2","201507","1~10","53,400","2015","우무개로"
"강원도 원주시 우산동","1**","다가구","8m미만","104.15","168.2","201503","21~31","13,200","1978","상지대길"
"강원도 원주시 우산동","1**","다가구","8m미만","151.29","169.8","201510","11~20","19,000","1981","상지대길"
"강원도 원주시 우산동","1**","다가구","8m미만","151.29","169.8","201503","11~20","16,000","1981","상지대길"
"강원도 원주시 우산동","2**","다가구","8m미만","173.18","171","201506","1~10","16,800","2001","북원로2485번길"
"강원도 원주시 우산동","1**","다가구","12m미만","163.81","173.5","201504","11~20","17,000","1978","돌터1길"
"강원도 원주시 우산동","2**","다가구","8m미만","164.49","177.5","201501","11~20","15,900","1986","상지대길"
"강원도 원주시 우산동","1**","다가구","8m미만","308.39","178.5","201505","11~20","38,000","1995","북원로2507번길"
"강원도 원주시 우산동","2**","다가구","8m미만","164.49","180.5","201508","11~20","20,000","1986","상지대길"
"강원도 원주시 우산동","1**","다가구","8m미만","134.51","187.6","201510","1~10","22,000","1978","북원로2507번길"
"강원도 원주시 우산동","2**","다가구","25m미만","113.44","187.7","201504","1~10","17,000","1983","우산로"
"강원도 원주시 우산동","2**","다가구","12m미만","386.47","207","201511","1~10","38,000","1995","우무개로"
"강원도 원주시 우산동","1**","다가구","8m미만","414.83","218","201504","1~10","24,700","1995","돌터2길"
"강원도 원주시 우산동","1**","다가구","8m미만","146.29","225.9","201502","1~10","17,300","1978","돌터1길"
"강원도 원주시 우산동","2**","다가구","8m미만","406.32","231.9","201503","1~10","83,500","2014","북원로2507번길"
"강원도 원주시 우산동","2**","다가구","8m미만","273.76","246","201508","11~20","33,500","2003","상지대길"
"강원도 원주시 우산동","1**","다가구","8m미만","194.63","255.2","201509","11~20","23,200","1980","유원길"
"강원도 원주시 우산동","1**","다가구","8m미만","253.54","281","201503","21~31","23,000","1976","북원로2507번길"
"강원도 원주시 우산동","1**","다가구","12m미만","302.61","293.5","201508","21~31","30,000","1977","상지대길"
"강원도 원주시 우산동","2**","다가구","8m미만","379.4","330","201503","21~31","37,000","1994","북원로2485번길"
"강원도 원주시 우산동","2**","다가구","8m미만","525.8","372","201504","11~20","50,500","1996","우무개로"
"강원도 원주시 우산동","2**","다가구","8m미만","520.46","374","201503","11~20","48,788","2003","우무개로"
"강원도 원주시 우산동","2**","다가구","8m미만","396.24","400","201506","1~10","58,000","2005","유원길"
"강원도 원주시 우산동","9*","다가구","25m미만","269.44","411.8","201504","1~10","35,000","1981","우산로"
"강원도 원주시 우산동","2**","다가구","8m미만","448.18","479.8","201510","21~31","54,000","1994","북원로2507번길"
"강원도 원주시 우산동","1**","단독","8m미만","31.47","66","201508","11~20","2,000","1984","null"
"강원도 원주시 우산동","1**","단독","8m미만","45.6","76","201508","11~20","4,450","1983","북원로2425번길"
"강원도 원주시 우산동","2**","단독","25m미만","83.11","121.4","201510","21~31","13,000","1979","우산로"
"강원도 원주시 우산동","1**","단독","8m미만","108.2","133.5","201507","1~10","12,000","1962","상지대길"
"강원도 원주시 우산동","2**","단독","8m미만","56.44","137.1","201503","1~10","8,500","1981","북원로2475번길"
"강원도 원주시 우산동","1**","단독","8m미만","71.97","137.8","201507","1~10","4,700","1979","돌터1길"
"강원도 원주시 우산동","9*","단독","12m미만","124.91","140","201509","11~20","13,200","1982","진광길"
"강원도 원주시 우산동","9*","단독","8m미만","83.63","144.1","201501","21~31","13,000","1983","북원로2475번길"
"강원도 원주시 우산동","1**","단독","12m미만","160.56","147.4","201508","21~31","12,000","1988","상지대길"
"강원도 원주시 우산동","2**","단독","8m미만","76.7","148.8","201503","1~10","12,700","1977","상지대길"
"강원도 원주시 우산동","1**","단독","8m미만","118.81","149","201506","11~20","12,000","1986","진광길"
"강원도 원주시 우산동","2**","단독","8m미만","83.17","150.4","201512","1~10","14,300","1976","우산초교길"
"강원도 원주시 우산동","2**","단독","8m미만","43.66","151","201509","11~20","13,700","1983","유원길"
"강원도 원주시 우산동","2**","단독","8m미만","70.65","151.4","201508","21~31","11,200","1973","우산초교길"
"강원도 원주시 우산동","2**","단독","8m미만","73.38","154","201508","1~10","14,000","1962","북원로2485번길"
"강원도 원주시 우산동","1**","단독","8m미만","71.71","159","201508","11~20","5,000","1983","북원로2425번길"
"강원도 원주시 우산동","2**","단독","12m미만","286.2","165.7","201511","1~10","53,000","2015","우무개로"
"강원도 원주시 우산동","2**","단독","8m미만","65.75","170.2","201507","21~31","10,000","1962","우무개로"
"강원도 원주시 우산동","1**","단독","12m미만","165.81","170.2","201506","1~10","17,500","1962","진광길"
"강원도 원주시 우산동","2**","단독","8m미만","166.18","170.5","201510","11~20","19,000","1989","우산초교길"
"강원도 원주시 우산동","1**","단독","25m미만","216.18","174.8","201511","11~20","24,000","1962","우산로"
"강원도 원주시 우산동","1**","단독","8m미만","143.28","181.5","201508","11~20","9,200","1984","상지대길"
"강원도 원주시 우산동","2**","단독","25m미만","227.04","194.6","201506","21~30","27,000","1995","우산로"
"강원도 원주시 우산동","1**","단독","8m미만","152.1","201.6","201508","21~31","17,750","1981","상지대길"
"강원도 원주시 우산동","1**","단독","8m미만","121.95","208","201511","21~30","16,300","1989","북원로2425번길"
"강원도 원주시 우산동","1**","단독","12m미만","65.25","212.3","201506","11~20","6,100","1983","상지대길"
"강원도 원주시 우산동","2**","단독","8m미만","196.39","215.2","201504","21~30","17,000","1978","우무개로"
"강원도 원주시 우산동","2**","단독","8m미만","103.2","236.7","201503","21~31","23,000","1975","우산초교길"
"강원도 원주시 우산동","2**","단독","8m미만","226.81","251.9","201510","11~20","26,000","1975","우산초교길"
"강원도 원주시 우산동","1**","단독","25m미만","113.89","261.92","201502","11~20","10,600","1981","상지대길"
"강원도 원주시 우산동","2**","단독","8m미만","325","262.4","201504","21~30","38,000","1984","우산초교길"
"강원도 원주시 우산동","2**","단독","8m미만","234.81","697","201505","11~20","27,000","1994","상지대길"
"강원도 원주시 우산동","4**","단독","25m이상","280.01","777","201502","21~28","31,000","2003","우산로"
"강원도 원주시 원동","2**","다가구","8m미만","62.7","59","201502","21~28","5,400","2003","무실로43번길"
"강원도 원주시 원동","2**","다가구","25m미만","116.73","65","201502","1~10","14,000","1999","무실로"
"강원도 원주시 원동","2**","단독","8m미만","61.2","110","201502","11~20","10,000","1993","다박골길"
"강원도 원주시 원동","2**","단독","8m미만","129.48","145","201509","1~10","11,000","1983","무실로55번길"
"강원도 원주시 원동","1**","단독","8m미만","94.17","151","201510","1~10","12,500","1978","일산로"
"강원도 원주시 원동","2**","단독","8m미만","55.32","162","201512","1~10","10,600","1962","무실로43번길"
"강원도 원주시 원동","1**","단독","8m미만","86.02","189","201508","1~10","9,500","1988","배수지길"
"강원도 원주시 원동","3**","단독","8m미만","121.9","193","201512","1~10","16,100","1962","남산로48번길"
"강원도 원주시 원동","2**","단독","8m미만","153.4","211","201504","11~20","15,300","1981","무실로"
"강원도 원주시 원동","9*","단독","8m미만","89.35","215","201510","1~10","17,000","1956","일산로82번길"
"강원도 원주시 원동","2**","단독","8m미만","79.8","218","201508","1~10","6,600","1975","추월대길"
"강원도 원주시 원동","2**","단독","8m미만","80.5","225","201512","1~10","10,000","1983","다박골길"
"강원도 원주시 인동","3*","다가구","8m미만","96.36","181.8","201505","1~10","12,000","1971","중앙로"
"강원도 원주시 인동","1**","단독","8m미만","28.28","66","201503","21~31","4,900","1962","원일로"
"강원도 원주시 일산동","1**","다가구","8m미만","79.17","115","201509","11~20","8,000","1976","옛시청길"
"강원도 원주시 일산동","1**","다가구","8m미만","148.89","155.4","201512","11~20","8,000","1976","동진골1길"
"강원도 원주시 일산동","1**","다가구","8m미만","316.8","161","201506","1~10","49,000","2004","무실로86번길"
"강원도 원주시 일산동","1**","다가구","8m미만","107.58","162","201511","11~20","15,300","1979","일산로"
"강원도 원주시 일산동","1**","다가구","8m미만","174.09","175.2","201508","21~31","22,000","1977","동진골1길"
"강원도 원주시 일산동","2**","다가구","8m미만","250.71","198.3","201503","11~20","18,000","1981","동진골3길"
"강원도 원주시 일산동","2**","다가구","8m미만","250.71","198.3","201504","21~30","18,500","1981","동진골3길"
"강원도 원주시 일산동","1**","다가구","8m미만","122.03","205","201509","11~20","20,000","1981","무실로86번길"
"강원도 원주시 일산동","2**","다가구","8m미만","356.53","205","201501","1~10","63,000","2012","동진골2길"
"강원도 원주시 일산동","2**","다가구","25m미만","179.07","212","201507","21~31","23,000","1977","일산초교길"
"강원도 원주시 일산동","2**","다가구","8m미만","166.47","224","201508","11~20","18,000","1982","동진골2길"
"강원도 원주시 일산동","2**","다가구","8m미만","457.89","230.1","201503","1~10","56,000","2009","동진골4길"
"강원도 원주시 일산동","1**","다가구","8m미만","373.95","245","201506","11~20","41,000","2000","일산초교길"
"강원도 원주시 일산동","3**","다가구","8m미만","430.82","256","201501","1~10","37,000","1996","무실로130번길"
"강원도 원주시 일산동","3**","다가구","8m미만","138.66","263","201510","21~31","20,781","1979","무실로"
"강원도 원주시 일산동","3**","다가구","8m미만","283.62","312","201505","21~31","27,400","1989","단구로75번길"
"강원도 원주시 일산동","1**","다가구","8m미만","258.48","412.7","201503","11~20","30,000","1983","갈머리2길"
"강원도 원주시 일산동","1**","다가구","8m미만","656.27","456","201503","11~20","112,000","2011","일산로36번길"
"강원도 원주시 일산동","2**","단독","25m미만","57.58","59","201503","21~31","4,650","1980","남산로"
"강원도 원주시 일산동","1**","단독","25m미만","88.15","63","201508","21~31","14,000","1982","무실로"
"강원도 원주시 일산동","1**","단독","8m미만","67.75","84","201510","1~10","9,700","1985","일산로"
"강원도 원주시 일산동","1**","단독","8m미만","21.75","96","201506","1~10","5,600","1962","무실로"
"강원도 원주시 일산동","1**","단독","25m미만","63.52","109","201510","21~31","16,500","1978","무실로"
"강원도 원주시 일산동","9*","단독","8m미만","56.6","116","201512","21~31","4,900","1962","무실로12번길"
"강원도 원주시 일산동","2**","단독","8m미만","55.32","122","201511","11~20","7,900","null","동진골2길"
"강원도 원주시 일산동","1**","단독","8m미만","210.97","131.9","201504","11~20","26,750","2006","갈머리1길"
"강원도 원주시 일산동","2**","단독","8m미만","145.28","146.1","201507","1~10","12,700","1972","동진골3길"
"강원도 원주시 일산동","3**","단독","8m미만","62.62","165","201511","11~20","11,000","1962","단구로63번길"
"강원도 원주시 일산동","3**","단독","25m미만","149.42","168","201510","11~20","20,000","1983","남산로"
"강원도 원주시 일산동","2**","단독","8m미만","69.35","169","201512","11~20","14,000","1974","남산로149번길"
"강원도 원주시 일산동","1**","단독","8m미만","94.95","169","201508","11~20","9,700","1978","일산로"
"강원도 원주시 일산동","1**","단독","8m미만","90.96","175","201501","21~31","8,300","1979","일산로36번길"
"강원도 원주시 일산동","2**","단독","8m미만","84.6","183.9","201505","11~20","9,900","1978","동진골4길"
"강원도 원주시 일산동","7*","단독","8m미만","80.11","185","201505","11~20","9,700","1981","무실로12번길"
"강원도 원주시 일산동","1**","단독","8m미만","106.66","185","201509","1~10","11,000","1978","일산로36번길"
"강원도 원주시 일산동","2**","단독","8m미만","88.84","187.4","201505","21~31","18,500","1976","동진골1길"
"강원도 원주시 일산동","2**","단독","25m미만","108.98","188.2","201506","21~30","10,000","1979","천사로"
"강원도 원주시 일산동","1**","단독","8m미만","129.85","192","201510","1~10","17,500","1981","일산초교길"
"강원도 원주시 일산동","1**","단독","8m미만","56.87","195","201511","11~20","12,400","1962","일산초교길"
"강원도 원주시 일산동","3**","단독","8m미만","66.33","198","201509","1~10","13,000","1972","무실로130번길"
"강원도 원주시 일산동","2**","단독","8m미만","59.88","205.9","201502","1~10","11,500","1975","동진골4길"
"강원도 원주시 일산동","2**","단독","25m미만","141.55","209.9","201506","21~30","21,300","1978","천사로"
"강원도 원주시 일산동","2**","단독","8m미만","60.18","212","201503","11~20","15,500","1989","남산로149번길"
"강원도 원주시 일산동","3**","단독","8m미만","135.57","213","201506","11~20","17,200","1983","남산로"
"강원도 원주시 일산동","3**","단독","8m미만","67.25","215","201507","21~31","13,300","1978","단구로63번길"
"강원도 원주시 일산동","2**","단독","25m미만","124.34","217","201507","21~31","18,800","1979","일산초교길"
"강원도 원주시 일산동","3**","단독","8m미만","102.54","227","201510","11~20","18,000","1979","남산로"
"강원도 원주시 일산동","3**","단독","8m미만","100.64","229","201503","1~10","15,000","1980","단구로69번길"
"강원도 원주시 일산동","2**","단독","8m미만","80.01","231","201508","1~10","13,000","1976","남산로"
"강원도 원주시 일산동","3**","단독","8m미만","71.28","239","201503","1~10","14,000","1993","무실로130번길"
"강원도 원주시 일산동","1**","단독","8m미만","153.71","244.4","201503","21~31","24,800","1989","갈머리1길"
"강원도 원주시 일산동","2**","단독","8m미만","96.45","248","201504","1~10","17,000","1962","남산로149번길"
"강원도 원주시 일산동","1**","단독","25m미만","80.6","254","201510","21~31","36,750","1974","무실로"
"강원도 원주시 일산동","1**","단독","8m미만","145.86","274","201507","1~10","21,500","1987","무실로86번길"
"강원도 원주시 일산동","1**","단독","8m미만","186.24","334","201509","11~20","32,300","1984","일산로"
"강원도 원주시 일산동","3**","단독","8m미만","103.29","353","201510","11~20","27,000","1973","무실로130번길"
"강원도 원주시 일산동","3**","단독","8m미만","262.43","374","201505","1~10","35,000","1990","무실로130번길"
"강원도 원주시 지정면 간현리","3**","단독","8m미만","39","519","201505","1~10","11,000","1977","왕건로"
"강원도 원주시 지정면 간현리","6**","단독","8m미만","98.81","553","201509","11~20","17,800","1996","간현로"
"강원도 원주시 지정면 간현리","1**","단독","8m미만","82.2","840","201506","21~30","15,300","1980","간현안말길"
"강원도 원주시 지정면 신평리","6**","단독","8m미만","130.46","239","201510","21~31","13,499","2004","신평안터길"
"강원도 원주시 지정면 신평리","1***","단독","12m미만","115.1","345.6","201506","11~20","25,500","2005","지정문화길"
"강원도 원주시 지정면 신평리","3**","단독","8m미만","52.16","377","201506","21~30","10,500","1978","상차면길"
"강원도 원주시 지정면 안창리","8**","단독","8m미만","115.65","500","201509","11~20","11,000","1998","원양2로"
"강원도 원주시 지정면 월송리","3**","단독","8m미만","68.2","551","201505","21~31","9,500","2013","가마골길"
"강원도 원주시 지정면 판대리","2**","단독","8m미만","96.39","344","201502","1~10","13,000","2007","부처동길"
"강원도 원주시 지정면 판대리","3**","단독","8m미만","87.01","560","201505","21~31","9,400","2009","구재로"
"강원도 원주시 태장동","1***","다가구","8m미만","99.75","105.3","201503","11~20","13,600","2002","북원여중길"
"강원도 원주시 태장동","1***","다가구","12m미만","196.26","128.7","201501","11~20","18,000","1993","북원여중길"
"강원도 원주시 태장동","1***","다가구","8m미만","145.71","132.4","201506","21~30","17,150","1989","현충로318번길"
"강원도 원주시 태장동","1***","다가구","8m미만","167.82","144.7","201504","21~30","8,000","1992","북원상가길"
"강원도 원주시 태장동","1***","다가구","8m미만","90.44","160.2","201503","21~31","11,000","1980","현충로318번길"
"강원도 원주시 태장동","7**","다가구","8m미만","142","165","201503","1~10","10,075","1997","가매기길"
"강원도 원주시 태장동","1***","다가구","8m미만","220.17","203.7","201504","11~20","19,000","1995","북원여중길"
"강원도 원주시 태장동","9**","다가구","25m미만","124.05","231","201506","11~20","12,000","1990","현충로"
"강원도 원주시 태장동","1***","다가구","8m미만","154.21","239.4","201507","1~10","19,000","1985","북원로2738번길"
"강원도 원주시 태장동","1***","다가구","8m미만","341.71","247.8","201502","1~10","26,300","1973","북원로2718번길"
"강원도 원주시 태장동","1***","다가구","8m미만","208.78","273","201509","21~30","17,000","1995","덕현길"
"강원도 원주시 태장동","1***","다가구","8m미만","450.98","286","201511","21~30","52,655","2015","북원로2738번길"
"강원도 원주시 태장동","1***","다가구","8m미만","500.11","287","201504","21~30","57,741","2014","흥양로51번길"
"강원도 원주시 태장동","1***","다가구","12m미만","555.39","315","201504","21~30","64,393","2014","흥양로51번길"
"강원도 원주시 태장동","1***","다가구","8m미만","544.34","321","201504","21~30","63,506","2014","흥양로51번길"
"강원도 원주시 태장동","1***","다가구","8m미만","569.98","374","201504","21~30","70,981","2013","북원상가길"
"강원도 원주시 태장동","1***","다가구","8m미만","658.8","377.4","201504","21~30","80,106","2013","북원상가길"
"강원도 원주시 태장동","1***","다가구","8m미만","216.31","387.1","201503","21~31","22,000","1992","북원로2718번길"
"강원도 원주시 태장동","5**","다가구","8m미만","492.16","658","201504","21~30","42,000","1987","흥양로86번길"
"강원도 원주시 태장동","8**","단독","8m미만","33.84","66","201509","21~30","4,900","1983","현충로"
"강원도 원주시 태장동","8**","단독","8m미만","42.24","66","201505","11~20","3,800","1983","현충로"
"강원도 원주시 태장동","1***","단독","8m미만","26.45","72.7","201504","11~20","3,000","1979","북원로2674번길"
"강원도 원주시 태장동","1***","단독","8m미만","33.06","78.3","201509","1~10","6,500","1962","북원로2674번길"
"강원도 원주시 태장동","1***","단독","8m미만","59","92","201508","11~20","8,500","1962","북원로2674번길"
"강원도 원주시 태장동","1***","단독","8m미만","47.34","93","201505","11~20","6,200","1976","새동네2길"
"강원도 원주시 태장동","1***","단독","8m미만","106.38","98.1","201508","21~31","10,500","1989","북원상가길"
"강원도 원주시 태장동","8**","단독","8m미만","34.94","109","201510","21~31","9,000","1977","현충로"
"강원도 원주시 태장동","1***","단독","8m미만","21.3","112.9","201503","1~10","3,300","1962","북원상가길"
"강원도 원주시 태장동","1***","단독","8m미만","274.43","122.7","201508","21~31","23,000","1994","북원로2680번길"
"강원도 원주시 태장동","1***","단독","8m미만","71.28","139","201507","21~31","6,600","1993","적동2길"
"강원도 원주시 태장동","7**","단독","25m미만","52.75","142","201511","11~20","7,800","1985","치악로"
"강원도 원주시 태장동","7**","단독","25m이상","64.66","142","201506","21~30","9,500","2002","현충로"
"강원도 원주시 태장동","1***","단독","8m미만","57.51","156.9","201505","11~20","9,000","1974","북원로2704번길"
"강원도 원주시 태장동","1***","단독","25m미만","51.39","160.7","201510","11~20","15,000","1962","북원로2680번길"
"강원도 원주시 태장동","2***","단독","8m미만","81.48","163","201505","11~20","5,100","1978","노하길"
"강원도 원주시 태장동","1***","단독","8m미만","66.6","164.3","201505","1~10","9,500","1976","북원로2704번길"
"강원도 원주시 태장동","1***","단독","12m미만","64.8","170.8","201512","1~10","20,000","1962","북원여중길"
"강원도 원주시 태장동","8**","단독","8m미만","80.77","172","201511","21~30","10,000","1974","새동네4길"
"강원도 원주시 태장동","6**","단독","12m미만","261.48","186","201510","1~10","26,500","2006","현충로58번길"
"강원도 원주시 태장동","1***","단독","8m미만","108.59","188.5","201504","21~30","7,400","1979","북원여중길"
"강원도 원주시 태장동","8**","단독","8m미만","35.66","198","201508","21~31","12,000","1972","새동네4길"
"강원도 원주시 태장동","1***","단독","8m미만","92.28","200.5","201509","1~10","7,000","1982","북원로2704번길"
"강원도 원주시 태장동","1***","단독","8m미만","358.94","211","201504","21~30","41,399","2014","흥양로51번길"
"강원도 원주시 태장동","1***","단독","12m미만","372.93","211","201504","21~30","43,290","2014","흥양로51번길"
"강원도 원주시 태장동","1***","단독","8m미만","96.18","211.6","201508","1~10","16,000","1985","북원상가길"
"강원도 원주시 태장동","1***","단독","8m미만","66.51","213","201507","1~10","16,700","1980","현충로"
"강원도 원주시 태장동","1***","단독","8m미만","79.49","216.5","201510","11~20","12,500","1962","북원상가길"
"강원도 원주시 태장동","1***","단독","8m미만","67.27","225.1","201510","1~10","12,000","1979","북원여중길"
"강원도 원주시 태장동","1***","단독","8m미만","178.21","267.8","201505","1~10","26,000","1987","북원상가길"
"강원도 원주시 태장동","1***","단독","8m미만","153.73","354.3","201507","11~20","25,000","1974","북원상가길"
"강원도 원주시 태장동","3**","단독","8m미만","77.76","691","201504","21~30","25,000","1991","흥양로"
"강원도 원주시 태장동","9**","단독","8m미만","68.26","3802","201507","1~10","117,000","1975","현충로"
"강원도 원주시 판부면 금대리","9**","다가구","8m미만","116.64","296","201507","11~20","7,200","1990","금대길"
"강원도 원주시 판부면 금대리","9**","다가구","8m미만","116.64","296","201510","21~31","7,600","1990","금대길"
"강원도 원주시 판부면 금대리","1**","단독","8m미만","17.11","118","201509","11~20","3,260","2008","치악로"
"강원도 원주시 판부면 금대리","9**","단독","8m미만","78","483","201505","11~20","12,580","1995","금대길"
"강원도 원주시 판부면 금대리","1***","단독","8m미만","178.84","799","201501","11~20","22,500","2001","금대길"
"강원도 원주시 판부면 서곡리","1***","다가구","12m미만","440.66","189.2","201512","11~20","59,000","2007","매봉길"
"강원도 원주시 판부면 서곡리","1***","다가구","8m미만","355.02","192.3","201508","1~10","46,500","2007","매봉길"
"강원도 원주시 판부면 서곡리","1***","다가구","8m미만","430.81","193.8","201510","11~20","37,970","2004","매봉길"
"강원도 원주시 판부면 서곡리","1***","다가구","8m미만","442.33","193.8","201510","21~31","41,400","2004","매봉길"
"강원도 원주시 판부면 서곡리","1***","다가구","8m미만","384.56","194","201503","11~20","65,000","2009","매봉길"
"강원도 원주시 판부면 서곡리","2***","다가구","8m미만","491.48","194.1","201506","21~30","60,000","2005","오성마을길"
"강원도 원주시 판부면 서곡리","1***","다가구","8m미만","439.16","194.2","201507","11~20","50,000","2005","매봉길"
"강원도 원주시 판부면 서곡리","2***","다가구","12m미만","451.2","194.3","201509","11~20","51,000","2008","매봉길"
"강원도 원주시 판부면 서곡리","1***","다가구","25m미만","297.18","194.4","201503","1~10","48,500","2006","매봉길"
"강원도 원주시 판부면 서곡리","1***","다가구","8m미만","330.49","195.2","201509","11~20","41,500","2003","매봉길"
"강원도 원주시 판부면 서곡리","1***","다가구","8m미만","436.2","195.5","201505","1~10","60,000","2014","매봉길"
"강원도 원주시 판부면 서곡리","1***","다가구","8m미만","165.86","195.8","201507","11~20","30,000","2000","매봉길"
"강원도 원주시 판부면 서곡리","1***","다가구","8m미만","385.49","196.2","201509","21~30","59,900","2010","매봉길"
"강원도 원주시 판부면 서곡리","1***","다가구","8m미만","357.5","196.4","201503","11~20","59,000","2013","매봉길"
"강원도 원주시 판부면 서곡리","1***","다가구","8m미만","391.44","196.9","201506","21~30","80,000","2015","매봉길"
"강원도 원주시 판부면 서곡리","1***","다가구","8m미만","395.33","198.2","201502","1~10","61,500","2012","매봉길"
"강원도 원주시 판부면 서곡리","1***","다가구","8m미만","399.38","200.3","201502","1~10","65,000","2014","매봉길"
"강원도 원주시 판부면 서곡리","2***","다가구","8m미만","399.87","200.8","201509","1~10","55,000","2007","오성마을길"
"강원도 원주시 판부면 서곡리","1***","다가구","8m미만","455.74","201.5","201505","21~31","59,300","2007","매봉길"
"강원도 원주시 판부면 서곡리","2***","다가구","8m미만","406.07","202.5","201511","11~20","64,000","1962","오성마을길"
"강원도 원주시 판부면 서곡리","2***","다가구","8m미만","444.89","223.9","201507","11~20","52,400","2013","오성마을길"
"강원도 원주시 판부면 서곡리","2***","다가구","8m미만","444.89","223.9","201507","1~10","50,500","2013","오성마을길"
"강원도 원주시 판부면 서곡리","2***","다가구","8m미만","444.94","224.1","201508","1~10","71,000","2012","오성마을길"
"강원도 원주시 판부면 서곡리","2***","다가구","8m미만","266.56","226.9","201507","21~31","31,500","2003","오성마을길"
"강원도 원주시 판부면 서곡리","2***","다가구","8m미만","487.7","230","201509","21~30","65,000","2006","오성마을길"
"강원도 원주시 판부면 서곡리","2***","다가구","8m미만","477.76","232.3","201505","11~20","63,000","2009","오성마을길"
"강원도 원주시 판부면 서곡리","1***","다가구","8m미만","453.6","270","201504","21~30","45,000","2003","매봉길"
"강원도 원주시 판부면 서곡리","7**","다가구","8m미만","317.35","515","201504","21~30","32,500","1994","도매촌길"
"강원도 원주시 판부면 서곡리","1***","단독","8m미만","102.43","192.8","201504","1~10","24,500","2001","매봉길"
"강원도 원주시 판부면 서곡리","1***","단독","8m미만","371.04","196.8","201506","11~20","56,000","2011","매봉길"
"강원도 원주시 판부면 서곡리","7**","단독","8m미만","58.68","211","201506","21~30","5,450","1992","마장2길"
"강원도 원주시 판부면 서곡리","1***","단독","8m미만","470.7","213.4","201512","11~20","60,000","2007","매봉길"
"강원도 원주시 판부면 서곡리","2***","단독","8m미만","366.02","215.2","201507","1~10","48,000","2006","오성마을길"
"강원도 원주시 판부면 서곡리","2***","단독","8m미만","92.34","219.7","201503","11~20","24,000","2004","오성마을길"
"강원도 원주시 판부면 서곡리","2***","단독","25m미만","473.41","220.1","201505","11~20","77,000","2011","오성마을길"
"강원도 원주시 판부면 서곡리","2***","단독","8m미만","135.11","231","201511","21~30","31,000","1962","오성마을길"
"강원도 원주시 판부면 서곡리","5**","단독","8m미만","64.8","284","201501","21~31","9,500","2014","내남송길"
"강원도 원주시 판부면 서곡리","1***","단독","8m미만","104.82","345","201507","1~10","20,000","2011","용수골길"
"강원도 원주시 판부면 서곡리","8**","단독","8m미만","84.93","431","201511","11~20","19,200","2000","용수골길"
"강원도 원주시 판부면 서곡리","1***","단독","8m미만","117.03","525","201501","1~10","25,100","2006","백운정윗길"
"강원도 원주시 판부면 서곡리","1***","단독","8m미만","171.18","567","201505","1~10","36,700","2011","서곡길"
"강원도 원주시 판부면 서곡리","1***","단독","8m미만","124.84","586","201512","11~20","32,240","2010","서곡길"
"강원도 원주시 판부면 서곡리","7*","단독","8m미만","102.4","588","201509","1~10","22,500","2002","내남송길"
"강원도 원주시 판부면 서곡리","1***","단독","8m미만","69.35","602","201508","21~31","16,500","1980","백운정길"
"강원도 원주시 판부면 서곡리","7**","단독","8m미만","103.22","620","201506","11~20","17,000","1996","도매촌길"
"강원도 원주시 판부면 서곡리","1***","단독","8m미만","72.1","647","201503","21~31","22,840","2010","서곡길"
"강원도 원주시 판부면 서곡리","1**","단독","8m미만","70.63","678","201508","21~31","18,700","1994","내남송길"
"강원도 원주시 판부면 서곡리","1***","단독","8m미만","128.89","2002.2","201507","1~10","30,000","1998","매봉길"
"강원도 원주시 판부면 신촌리","8**","단독","8m미만","137.87","469","201506","11~20","23,000","2011","판부신촌길"
"강원도 원주시 평원동","2**","다가구","8m미만","185.19","128.3","201502","1~10","11,000","1992","중평길"
"강원도 원주시 평원동","1**","단독","8m미만","30.77","59.7","201511","1~10","4,000","1985","중평길"
"강원도 원주시 평원동","1**","단독","12m미만","42.7","76.9","201511","1~10","5,800","1985","학성철길"
"강원도 원주시 평원동","3**","단독","12m미만","48.86","110.1","201508","21~31","8,300","1962","평원안길"
"강원도 원주시 평원동","1**","단독","12m미만","21.78","120.7","201511","1~10","10,400","1995","중평길"
"강원도 원주시 평원동","3**","단독","12m미만","53.5","122","201508","21~31","10,000","1982","풍물시장길"
"강원도 원주시 평원동","2**","단독","12m미만","76.57","131.2","201506","1~10","12,200","1983","중평길"
"강원도 원주시 평원동","2**","단독","8m미만","134.78","208.6","201511","21~30","15,000","1962","평원안길"
"강원도 원주시 학성동","1***","다가구","8m미만","126.4","113","201509","1~10","10,200","1991","남산로"
"강원도 원주시 학성동","2**","다가구","12m미만","356.35","157.7","201503","1~10","27,400","1990","원일로"
"강원도 원주시 학성동","1***","다가구","8m미만","233.29","172","201508","11~20","14,500","1996","송계1길"
"강원도 원주시 학성동","1***","다가구","8m미만","247.98","253","201504","21~30","22,000","1996","동진골1길"
"강원도 원주시 학성동","2**","다가구","8m미만","390.02","303","201503","21~31","44,800","2006","남산로218번길"
"강원도 원주시 학성동","1***","단독","8m미만","49.77","96","201507","21~31","5,500","2014","광명마을길"
"강원도 원주시 학성동","4**","단독","8m미만","15.4","103","201512","21~31","6,000","1983","정지길"
"강원도 원주시 학성동","1***","단독","8m미만","42.11","106","201512","11~20","6,000","1962","광명마을길"
"강원도 원주시 학성동","9**","단독","8m미만","43.56","109","201506","21~30","4,000","1975","송계안길"
"강원도 원주시 학성동","9*","단독","8m미만","64.63","109","201512","11~20","5,200","1962","태학교길"
"강원도 원주시 학성동","1**","단독","8m미만","52.7","123","201510","21~31","8,500","1962","천사로"
"강원도 원주시 학성동","1***","단독","8m미만","62.79","128","201508","21~31","15,000","1986","광명마을길"
"강원도 원주시 학성동","9**","단독","8m미만","53.81","135.45","201502","21~28","6,600","1978","북원로"
"강원도 원주시 학성동","1***","단독","8m미만","70.84","148","201508","1~10","8,000","1970","남산로"
"강원도 원주시 학성동","4**","단독","8m미만","32.37","149","201511","1~10","4,300","1983","정지길"
"강원도 원주시 학성동","2**","단독","8m미만","275.04","154","201512","21~31","23,500","1996","옛시청길"
"강원도 원주시 학성동","2**","단독","8m미만","66.19","155","201508","11~20","10,200","1975","옛시청길"
"강원도 원주시 학성동","3**","단독","8m미만","60.9","181.7","201506","11~20","18,575","1982","충정길"
"강원도 원주시 학성동","1***","단독","8m미만","108.16","225","201508","21~31","12,000","1982","원문로35번길"
"강원도 원주시 학성동","8**","단독","8m미만","29.75","283.5","201509","11~20","13,000","1962","정지길"
"강원도 원주시 학성동","2**","단독","8m미만","142.83","286","201506","11~20","14,000","1985","옛시청길"
"강원도 원주시 행구동","5**","다가구","8m미만","478.6","1397","201512","1~10","47,000","1998","웃거름터길"
"강원도 원주시 행구동","1***","단독","8m미만","93.6","304","201510","1~10","19,800","2013","영랑길"
"강원도 원주시 행구동","1**","단독","8m미만","84.6","345","201503","11~20","17,700","null","행구윗담길"
"강원도 원주시 행구동","1***","단독","12m미만","197.08","544","201506","1~10","38,000","2005","행구로"
"강원도 원주시 행구동","1**","단독","8m미만","98.71","631","201508","21~31","28,000","2003","행구윗담길"
"강원도 원주시 행구동","1***","단독","8m미만","318.51","660","201506","11~20","32,000","2002","행구로"
"강원도 원주시 행구동","3**","단독","8m미만","66.03","697","201508","11~20","20,000","2010","꽃밭머리길"
"강원도 원주시 행구동","1**","단독","8m미만","91.6","799","201508","21~31","28,000","2009","고문골길"
"강원도 원주시 행구동","5**","단독","8m미만","195.69","1185","201507","1~10","42,200","null","아랫거름터길"
"강원도 원주시 호저면 고산리","3**","단독","8m미만","92.51","344","201510","1~10","9,000","2000","송골길"
"강원도 원주시 호저면 고산리","3**","단독","8m미만","81","656","201510","21~31","9,500","1992","고산안골길"
"강원도 원주시 호저면 광격리","8**","단독","8m미만","107.36","506","201510","11~20","14,600","2007","광학로"
"강원도 원주시 호저면 대덕리","6**","단독","8m미만","70.35","387","201511","1~10","7,700","2009","대덕길"
"강원도 원주시 호저면 만종리","1***","단독","8m미만","66","330","201503","11~20","12,100","1975","굴미실길"
"강원도 원주시 호저면 만종리","*","단독","8m미만","199","387","201504","1~10","16,340","1997","null"
"강원도 원주시 호저면 만종리","*","단독","8m미만","199","387","201503","1~10","16,000","1997","null"
"강원도 원주시 호저면 만종리","8**","단독","8m미만","91.56","644","201506","1~10","7,822","1962","중부동1길"
"강원도 원주시 호저면 만종리","2**","단독","8m미만","57.65","754","201503","21~31","20,250","1961","상만종길"
"강원도 원주시 호저면 무장리","7**","단독","8m미만","82.8","425","201507","11~20","3,600","1975","null"
"강원도 원주시 호저면 옥산리","1*","단독","-","96.18","7537","201507","1~10","31,000","1988","호저로"
"강원도 원주시 호저면 용곡리","4**","단독","12m미만","96","378","201507","1~10","6,117","1997","칠봉로"
"강원도 원주시 호저면 주산리","1**","단독","8m미만","91.2","235","201501","11~20","12,000","2013","막골길"
"강원도 원주시 호저면 주산리","3**","단독","8m미만","19.5","252","201511","11~20","6,158","2013","중방길"
"강원도 원주시 호저면 주산리","1***","단독","8m미만","92.22","422","201506","21~30","24,000","2005","호저문화2길"
"강원도 원주시 호저면 주산리","3**","단독","8m미만","181.02","488","201507","1~10","27,000","2006","중방길"
"강원도 원주시 호저면 주산리","2**","단독","12m미만","143.38","711","201507","1~10","15,000","2005","호매곡1길"
"강원도 원주시 흥업면 대안리","6**","단독","8m미만","64.16","419","201512","11~20","19,000","1962","승안동길"
"강원도 원주시 흥업면 대안리","1***","단독","8m미만","47.81","465","201509","1~10","8,000","1962","대안신촌길"
"강원도 원주시 흥업면 매지리","1***","다가구","8m미만","373.88","197.6","201505","11~20","46,000","1996","세동길"
"강원도 원주시 흥업면 매지리","1***","다가구","8m미만","230.46","208.7","201505","1~10","20,500","1996","세동길"
"강원도 원주시 흥업면 매지리","1***","다가구","8m미만","443.85","209.4","201512","11~20","30,000","1995","세동길"
"강원도 원주시 흥업면 매지리","1***","다가구","8m미만","371.99","210.1","201508","21~31","56,000","2005","세동길"
"강원도 원주시 흥업면 매지리","1***","다가구","8m미만","374.17","211","201505","11~20","32,000","1996","세동길"
"강원도 원주시 흥업면 매지리","1***","다가구","8m미만","381.42","215.1","201512","21~31","41,500","1996","세동길"
"강원도 원주시 흥업면 매지리","1***","다가구","8m미만","363.12","222","201509","11~20","53,500","2004","세동길"
"강원도 원주시 흥업면 매지리","1***","다가구","8m미만","381.3","222.8","201511","11~20","44,500","1996","세동길"
"강원도 원주시 흥업면 매지리","1***","다가구","8m미만","397.95","225.2","201508","11~20","45,000","1997","세동길"
"강원도 원주시 흥업면 매지리","1***","다가구","8m미만","369.93","230.8","201505","1~10","41,500","1995","세동길"
"강원도 원주시 흥업면 매지리","1***","다가구","8m미만","433.59","242","201505","1~10","41,300","1995","세동길"
"강원도 원주시 흥업면 매지리","1***","다가구","8m미만","508.62","297","201502","1~10","88,000","2008","매남동길"
"강원도 원주시 흥업면 매지리","2**","단독","8m미만","91.25","185","201512","21~31","2,800","1962","무수막2길"
"강원도 원주시 흥업면 매지리","1***","단독","8m미만","333.8","201.7","201506","21~30","37,000","1996","세동길"
"강원도 원주시 흥업면 매지리","1***","단독","8m미만","329.26","204.7","201505","21~31","41,000","1996","세동길"
"강원도 원주시 흥업면 매지리","2**","단독","8m미만","88.28","278","201509","21~30","9,800","1962","무수막2길"
"강원도 원주시 흥업면 매지리","9**","단독","8m미만","84.35","449","201504","1~10","11,710","2012","미촌길"
"강원도 원주시 흥업면 매지리","5**","단독","8m미만","203.04","933","201509","21~30","18,240","1998","세동길"
"강원도 원주시 흥업면 사제리","3**","단독","8m미만","386.89","633","201509","1~10","26,000","1993","봉미길"
"강원도 원주시 흥업면 사제리","1***","단독","8m미만","159.84","692","201504","1~10","26,500","1992","복거리길"
"강원도 원주시 흥업면 사제리","3**","단독","12m미만","193.45","967","201502","21~28","22,200","2005","사제로"
"강원도 원주시 흥업면 흥업리","4**","다가구","8m미만","308.62","189","201503","21~31","19,000","1996","흥업밤골길"
"강원도 원주시 흥업면 흥업리","8*","다가구","8m미만","434.8","329","201512","21~31","39,909","2004","울업1길"
"강원도 원주시 흥업면 흥업리","1**","다가구","8m미만","568.95","331","201501","11~20","67,000","2014","남원로"
"강원도 원주시 흥업면 흥업리","9*","다가구","8m미만","587.97","403","201504","11~20","89,820","2014","울업1길"
"강원도 원주시 흥업면 흥업리","5**","다가구","8m미만","559.48","408","201511","21~30","59,000","1995","남원로"
"강원도 원주시 흥업면 흥업리","8*","다가구","8m미만","652.26","495","201503","1~10","88,500","2012","울업1길"
"강원도 원주시 흥업면 흥업리","7*","다가구","8m미만","545.25","519","201509","11~20","27,500","1997","울업1길"
"강원도 원주시 흥업면 흥업리","8**","단독","8m미만","171.45","179","201508","1~10","26,000","1992","사제로"
"강원도 원주시 흥업면 흥업리","1**","단독","8m미만","490.07","270","201508","21~31","71,000","2015","남원로"
"강원도 원주시 흥업면 흥업리","7*","단독","8m미만","107.76","365","201506","11~20","35,000","1986","울업1길"
"강원도 원주시 흥업면 흥업리","4**","단독","8m미만","249.66","382","201507","1~10","20,000","1993","흥업밤골길"
"강원도 원주시 흥업면 흥업리","1**","단독","8m미만","519.44","392","201504","1~10","60,000","2015","남원로"
